CLAVE ,DESCRIP,codigo
A00,Cólera,A00
A01,Fiebre tifoidea,A01
A02,Infecciones debido a Salmonella,A02
A03,Shigelosis,A03
A04,Infecciones intestinales bacterianas,A04
A05,Intoxicaciones intestinales bacterianas,A05
A06 ,Amebiasis,A06
A07 ,Enfermedades intestinales debidas a protozoarios,A07
A08 ,Infecciones intestinales debidas a virus,A08
A09 ,Diarrea y gastroenteritis de presunto origen infeccioso,A09
A15 ,Tuberculosis respiratoria confirmada. bact. e histo.,A15
A16 ,Tuberculosis respiratoria no confirmada bact. e histo.,A16
A17 ,Tuberculosis del sistema nervioso,A17
A18,Tuberculosis de otros órganos,A18
A19 ,Tuberculosis miliar,A19
A20 ,Peste,A20
A21 ,Tularemia,A21
A22 ,Carbunco [antrax],A22
A23 ,Brucelosis,A23
A24. ,Muermo y melioidosis,A24.
A25 ,Fiebre por mordedura de rata,A25
A260 ,Erisipeloide,A260
A270 ,Leptospirosis,A270
A28 ,Enfermedades zoonoticas bacterianas no clas.,A28
A30 ,Lepra [enfermedad de hansen],A30
A310 ,Infecciones debido a otras micobacterias,A310
A320 ,Listeriosis,A320
A33 ,Tétanos neonatal,A33
A34  ,Tétanos obstétrico,A34
A35 ,Otros Tétanos,A35
A36 ,Difteria,A36
A37 , Tos ferina [tos convulsiva],A37
A38 ,Escarlatina,A38
A39 ,Infección meningococica,A39
A40 ,Septicemia estreptococica,A40
A41  ,Otras septicemias,A41
A42  ,Actinomicosis,A42
A43 ,Nocardiosis,A43
A44  ,Bartonelosis,A44
A46 ,Erisipela,A46
A48 ,Enfermedades bacterianas no clas.,A48
A49 ,Infección bacteriana de sitio no espe.,A49
A50 ,Sífilis congénita,A50
A51 ,Sífilis precoz,A51
A52 ,Sífilis tardía,A52
A53 ,Otras Sífilis,A53
A54, Infección gonocócica,A54
A55 ,Linfogranuloma (venéreo) por clamidias,A55
A56  ,ETS debido a clamidias,A56
A57 ,Chancro blando,A57
A58 ,Granuloma inguinal,A58
A59  ,Tricomoniasis,A59
A60 ,Herpes simple,A60
A63 ,Enfermedades de transmisión predominantemente sexual no clas.,A63
A64 ,Enfermedad de transmisión sexual no especificada,A64
A65 ,Sífilis no venérea,A65
A66 ,Frambesia,A66
A67  ,Pinta [carate],A67
A68,Fiebres recurrentes,A68
A69 ,Infecciones por espiroquetas,A69
A70 ,Infección debida a Chlamydia psittaci,A70
A71 ,Tracoma,A71
A74 ,Enfermedades por clamidias,A74
A75 ,Tifus,A75
A77 ,Fiebre maculosa,A77
A78 ,Fiebre Q,A78
A79 ,Rickettsiosis,A79
A80 ,Poliomielitis aguda,A80
A81,Infecciones del SNC por virus atípico,A81
A82 ,Rabia,A82
A83 ,Encefalitis viral transmitida por mosquitos,A83
A84 ,Encefalitis viral transmitida por garrapatas,A84
A85 ,Encefalitis virales no clasificadas,A85
A86 ,Encefalitis viral no especificada,A86
A87 ,Meningitis viral,A87
A88 ,Infecciones virales del SNC no clasificadas,A88
A89 ,Infección viral del SNC no especificada,A89
A90  ,Fiebre del dengue [dengue clásico],A90
A91  ,Fiebre del dengue hemorrágico,A91
A92 ,Fiebres virales transmitidas por mosquitos,A92
A93 ,Fiebres virales transmitidas por artrópodos no clasificadas,A93
A94 ,Fiebre viral transmitida por artrópodos no especificada,A94
A95 ,Fiebre amarilla,A95
A96 ,Fiebre hemorrágica por arenavirus,A96
A98  ,Fiebres virales hemorrágicas no clasificadas,A98
A99  ,Fiebre viral hemorrágica no especificada,A99
B00  ,Infecciones herpéticas [herpes simple],B00
B01  ,Varicela ,B01
B02 ,Herpes zoster,B02
B03  ,Viruela,B03
B04  ,Viruela de los monos,B04
B05 ,Sarampión,B05
B06 ,Rubeola [sarampión alemán],B06
B07 ,Verrugas víricas,B07
B08  ,Infecciones víricas  por lesiones de la piel y  membranas,B08
B09  ,Infección viral no especificada por lesiones de la piel y membranas mucosas,B09
B15  ,Hepatitis aguda tipo A,B15
B16  ,Hepatitis aguda tipo B,B16
B17 ,Otras hepatitis virales agudas,B17
B18 ,Hepatitis viral crónica,B18
B190  ,Hepatitis viral sin especificación,B190
B20   ,Enfer. por VIH resultante en enfermedades infec. y paras.,B20
B21  ,Enfer. por VIH resultante en tumores maligs.,B21
B22  ,Enfer. por VIH result. en otras enfermedades especificadas,B22
B23,Enfer. por VIH result. en otras afecciones especificadas,B23
B24 ,Enfer. por VIH sin otra especificación,B24
B25  ,Enfermedades debidas a virus citomegálico,B25
B26  ,Parotiditis infecciosa,B26
B27,Mononucleosis infecciosa,B27
B30  ,Conjuntivitis viral,B30
B33  ,Enfermedades virales no clasificadas,B33
B34 ,Infección viral de sitio no especificado,B34
B35 ,Dermatofitosis,B35
B36  ,Otras micosis superficiales,B36
B37  ,Candidiasis,B37
B38 ,Coccidioidomicosis,B38
B39  ,Histoplasmosis,B39
B40  ,Blastomicosis,B40
B41  ,Paracoccidioidomicosis,B41
B42 ,Esporotricosis,B42
B43   ,Cromomicosis y absceso feomicático,B43
B44 ,Aspergilosis,B44
B45  ,Criptococosis,B45
B46  ,Cigomicosis,B46
B47 ,Micetoma,B47
B48 ,Micosis no clasificadas,B48
B49  ,Micosis no especificada,B49
B50  ,Malaria debido a plasmodium falciparum,B50
B51 ,Malaria debido a plasmodium vivax,B51
B52  ,Malaria debido a plasmodium malariae,B52
B53  ,Malaria confirmado parasitológicamente,B53
B54  ,Malaria no especificado,B54
B55   ,Tripanosomiasis,B55
B56 ,Tripanosomiasis africana,B56
B57  ,Enfermedad de chagas,B57
B58  ,Toxoplasmosis,B58
B59  ,Neumocistosis,B59
B60 ,Enfermedades debidas a protozoarios no clasificadas,B60
B64  ,Enfermedad debida a protozoarios no especificada,B64
B65  ,Esquistosomiasis [bilharziasis],B65
B66  ,Infecciones debidas a trematodos,B66
B67 ,Equinococosis,B67
B68  ,Teniasis,B68
B69  ,Cisticercosis,B69
B70  ,Difilobotriasis y esparganosis,B70
B71  ,Infecciones debido a cestodos,B71
B72  ,Dracontiasis,B72
B73  ,Oncocercosis,B73
B74  ,Filariasis,B74
B75  ,Triquinosis,B75
B76  ,Anquilostomiasis y necatoriasis,B76
B77 ,Ascariasis,B77
B78   ,Estrongiloidiasis,B78
B79 ,Tricuriasis,B79
B80  ,Enterobiasis,B80
B81  ,Helmintiasis intestinales no clasifi.,B81
B82 ,Parasitosis intestinal sin especificación,B82
B83  ,Otras helmintiasis,B83
B85  ,Pediculosis y phthiriasis,B85
B86 ,Escabiosis,B86
B87 ,Miasis,B87
B88  ,Otras infestaciones,B88
B89  ,Enfermedad parasitaria no especificada,B89
B90 ,Secuelas de tuberculosis,B90
B91  ,Secuelas de poliomielitis,B91
B92  ,Secuelas de lepra,B92
B94  ,Secuelas de otras enfermedades infec. y paras.,B94
B95  ,Estreptococos y estafilococos causas de enfermedades clasifi.,B95
B96  ,Agentes bacterianos causas de enfermedades clasifi.,B96
B97  ,Agentes virales causas de enfermedades clasifi.,B97
B99  ,Enfermedades infecciosas y las no especificadas,B99
C00 ,Tumor maligno del labio,C00
C01  ,Tumor maligno de la base de la lengua,C01
C02  ,Tumor maligno de otras partes de la lengua,C02
C03  ,Tumor maligno de la encía,C03
C04  ,Tumor maligno del piso de la boca,C04
C05  ,Tumor maligno del paladar,C05
C06  ,Tumor maligno de otras partes de la boca ,C06
C07  ,Tumor maligno de la glándula parótida,C07
C08  ,Tumor maligno de otras glándulas salivales,C08
C09  ,Tumor maligno de la amígdala,C09
C10  ,Tumor maligno de la orofaringe,C10
C11  ,Tumor maligno de la nasofaringe,C11
C12  ,Tumor maligno del seno piriforme,C12
C13  ,Tumor maligno de la hipofaringe,C13
C14 ,Tumor maligno de otros sitios mal definidos,C14
C15  ,Tumor maligno del esófago,C15
C16  ,Tumor maligno del estómago,C16
C17  ,Tumor maligno del intestino delgado,C17
C18 ,Tumor maligno del colon,C18
C19  ,Tumor maligno de la unión rectosigmoidea,C19
C20,Tumor maligno del recto,C20
C21  ,Tumor maligno del ano y del conducto anal,C21
C22  ,Tumor maligno del hígado y de vías biliares intrahepáticas,C22
C23  ,Tumor maligno de la vesícula biliar,C23
C24  ,Tumor maligno de otras partes de vías biliares,C24
C25  ,Tumor maligno del páncreas,C25
C26  ,Tumor maligno de los órganos digestivos,C26
C30  ,Tumor maligno de fosas nasales y oído medio,C30
C31  ,Tumor maligno de los senos paranasales,C31
C32  ,Tumor maligno de la laringe,C32
C33  ,Tumor maligno de la tráquea,C33
C34  ,Tumor maligno de los bronquios y pulmón,C34
C37  ,Tumor maligno del timo,C37
C38  ,Tumor maligno del corazón mediastino y la pleura,C38
C39  ,Tumor maligno de sistema resp. y órganos intratorácicos,C39
C40 ,Tumor maligno de los huesos y cartílagos articulares,C40
C41 ,Tumor maligno de los huesos y cartílagos articulares de otros sitios,C41
C43  ,Melanoma maligno de la piel,C43
C44  ,Otros tumores maligno de la piel,C44
C45, Mesotelioma,C45
C46  ,Sarcoma de kaposi,C46
C47,TM de los nervios periféricos y sistema nervioso autónomo,C47
C48  ,TM del peritoneo y retroperitoneo,C48
C49  ,TM otros tejidos conjuntivos y de tejidos blandos,C49
C50 ,Tumor maligno de la mama,C50
C51  ,Tumor maligno de la vulva,C51
C52 ,Tumor maligno de la vagina,C52
C53 ,Tumor maligno del cuello del útero,C53
C54  ,TM del útero parte no especificada,C54
C55 ,TM del útero parte no especificada,C55
C56  ,Tumor maligno del ovario,C56
C57  ,TM de otros órganos genitales femeninos,C57
C58  ,Tumor maligno de la placenta,C58
C60  ,Tumor maligno del pene,C60
C61 ,Tumor maligno de la próstata,C61
C62  ,Tumor maligno del testículo,C62
C63  ,TM de los órganos genitales masculinos no especificados,C63
C64  ,Tumor maligno del riñon excepto de la pelvis renal,C64
C65  ,Tumor maligno de la pelvis renal,C65
C66  ,Tumor maligno del uréter,C66
C67  ,Tumor maligno de la vejiga urinaria,C67
C68  ,TM de los órganos urinarios no especificados,C68
C69  ,Tumor maligno del ojo y sus anexos,C69
C70  ,Tumor maligno de las meninges,C70
C71  ,Tumor maligno del encéfalo,C71
C72  ,TM de otras partes del sistema nervioso central,C72
C73  ,Tumor maligno de la glándula tiroides,C73
C74  ,TM de la glándula suprarrenal,C74
C75  ,TM de otras glándulas endocrinas y estructuras afines ,C75
C76  ,TM de otros sitios y de sitios mal definidos,C76
C77  ,TM no especificado de los ganglios linfáticos,C77
C78  ,TM secundario de los órganos respiratorios y digestivos,C78
C79 ,TM secundario de otros sitios,C79
C80 ,Tumor maligno de sitios no especificados,C80
C81 , Enfermedad de hodgkin,C81
C82  ,Linfoma no hodgkin folicular [nodular],C82
C83 ,Linfoma no-hodgkin difuso,C83
C84  ,Linfoma células t periférico y cutáneo,C84
C85  ,Linfoma no hodgkin de otro tipo,C85
C88  ,Enfermedades inmunoproliferativas malignas,C88
C90  ,Mieloma múltiples y TM de células plasmáticas,C90
C91 ,Leucemia linfoide,C91
C920  ,Leucemia mieloide,C920
C93  ,Leucemia monocitica,C93
C94  ,Leucemias de tipo celular especificado,C94
C95  ,Leucemia de células de tipo no especificado,C95
C96  ,TM no espes. del tejido linfático órganos hematopoyéticos y tejidos afines,C96
C97  ,TM (primarios) de sitios múltiples independientes,C97
D00  ,Carcinoma in situ de la cavidad bucal esófago y estómago,D00
D01  ,Carcinoma in situ de otros órganos digestivos,D01
D02  ,Carcinoma in situ del SR y oído medio,D02
D03 ,Melanoma in situ,D03
D04  ,Carcinoma in situ de la piel,D04
D05   ,Carcinoma in situ de la mama,D05
D06  ,Carcinoma in situ del cuello del útero,D06
D07 ,Carcinoma in situ de los órganos genitales no especificados,D07
D09 , Carcinoma in situ de otros sitios,D09
D10 ,TB de la boca y de la faringe,D10
D11  ,TB de las glándulas salivares mayores,D11
D12  ,TB del colon recto conducto anal y ano,D12
D13   ,TB de otras partes del sistema digestivo  ,D13
D14  ,TB del oído medio y del sistema respiratorio,D14
D15  ,TB de otros órganos intratorácicos y no especificados,D15
D16  ,TB del hueso y del cartílago articular,D16
D17  ,Tumores benignos lipomatosos,D17
D18  ,Hemangioma y linfangioma de cualquier sitio,D18
D19  ,Tumor benigno del tejido mesotelial,D19
D20  ,TB del tejido blando del peritoneo y retroperitoneo,D20
D21  ,TB del tejido conjuntivo y tejido blando,D21
D22  ,Nevo melanocitico,D22
D23 ,Tumores benignos de la piel,D23
D24  ,Tumor benigno de la mama,D24
D25  ,Leiomioma del útero,D25
D26 ,Tumores benignos del útero,D26
D27 ,Tumor benigno del ovario,D27
D28 ,TB de los órganos genitales femeninos no especificados,D28
D29  ,TB de los órganos genitales masculinos,D29
D30  ,TB de los órganos urinarios,D30
D31  ,TB del ojo y sus anexos,D31
D32  ,Tumor benigno de las meninges,D32
D33  ,TB del encéfalo y de otras partes del SNC,D33
D34  ,Tumor benigno de la glándula tiroides,D34
D35  ,TB de otras glándulas endocrinas y no especificadas,D35
D36 ,TB de otros sitios y no especificados,D36
D37 ,TCI de la cavidad bucal y órganos digestivos,D37
D38 , TCI del oído medio y de los órganos respiratorios e intratorácicos,D38
D39,TCI de los órganos genitales femeninos,D39
D40,TCI de los órganos genitales masculinos,D40
D41,TCI de los órganos urinarios  ,D41
D42,TCI de las meninges,D42
D43,TCI del encéfalo y del SNC,D43
D44,TCI de las glándulas endocrinas,D44
D45,Policitemia vera,D45
D46,Síndromes mielodisplásicos,D46
D47,TCI o desconocido del tejido linfático de los órganos hematopoyéticos y de tejidos afines,D47
D48,TCI o desconocido de otros sitios,D48
D50,Anemias por deficiencia de hierro  ,D50
D51,Anemia por deficiencia de vitamina b12,D51
D52,Anemia por deficiencia de folatos,D52
D53,Otras anemias nutricionales,D53
D55,Anemia debida a trastornos enzimáticos  ,D55
D56,Talasemia,D56
D57,Trastornos falciformes,D57
D58,Anemias hemolíticas hereditarias,D58
D59,Anemia hemolítica adquirida,D59
D60,Aplasia adquirida exclusiva de la serie roja ,D60
D61,Anemias aplasticas,D61
D62,Anemia posthemorrágica aguda,D62
D63,Anemia en enfermedades crónicas clasificadas,D63
D64,Otras anemias,D64
D65 ,Coagulación intravascular diseminada [síndrome de desfibrinación],D65
D66,Deficiencia hereditaria del factor VIII,D66
D67 ,Deficiencia hereditaria del factor IX,D67
D68,Otros defectos de la coagulación,D68
D69,Purpura y otras afecciones hemorrágicas,D69
D70 ,Agranulocitosis,D70
D71,Trastornos funcionales de los polimorfonucleares neutrófilos,D71
D72,Trastornos de los leucocitos,D72
D73,Enfermedades del bazo,D73
D74,Metahemoglobinemia,D74
D75,Enfermedades de la sangre y de los órganos hematopóyeticos ,D75
D76,Enfermedades que afectan el tejido linforreticular y sistema reticuloendotelial,D76
D80,Inmunodeficiencia con predominio de defectos de los anticuerpos,D80
D81,Inmunodeficiencias combinadas ,D81
D82,Inmunodeficiencias asociadas a otros defectos mayores ,D82
D83,Inmunodeficiencia variable común,D83
D84,Otras inmunodeficiencias,D84
D86,Sarcoidosis ,D86
D89,Trastornos que afectan el mecanismo de la inmunidad no clasificadas,D89
E00,Síndrome congénito de deficiencia de yodo,E00
E01,Trastornos tiroideos vinculados a deficiencia de yodo,E01
E02,Hipotiroidismo subclínico por deficiencia de yodo,E02
E03,Otros hipotiroidismos,E03
E04,Bocios no tóxicos,E04
E05,Tirotoxicosis [hipotiroidismo],E05
E06,Tiroiditis,E06
E07,Trastornos tiroideos,E07
E10,Diabetes mellitus insulinodependiente,E10
E11,Diabetes mellitus no insulinodependiente,E11
E12,Diabetes mellitus asociados con desnutrición,E12
E13,Diabetes mellitus especificadas,E13
E14,Diabetes mellitus no especificada,E14
E15 ,Coma hipoglicémico no diabético,E15
E16,Trastornos de la secreción interna del páncreas,E16
E20,Hipoparatiroidismo ,E20
E21,Hiperparatiroidismo y trastornos de la glándula paratiroides ,E21
E22,Hiperfunción de la glándula hipófisis,E22
E23,Hipofunción y trastornos de la glándula hipófisis,E23
E24,Síndrome de cushing,E24
E25,Trastornos adrenogenitales,E25
E26,Hiperaldosteronismo,E26
E27,Trastornos de la glándula suprarrenal,E27
E28,Disfunción ovárica,E28
E29,Disfunción testicular,E29
E30,Trastornos de la pubertad no clasificadas,E30
E31,Disfunción poliglandular,E31
E32,Enfermedades del timo,E32
E34,Trastornos endocrinos,E34
E35,Trastornos endocrinos en enfermedades clasificados,E35
E40,Kwashiorkor,E40
E41,Marasmo nutricional,E41
E42,Kwashiorkor marasmático,E42
E43,Desnutrición proteicocalórica severa no especificada,E43
E44,Desnutrición proteicocalórica moderado y leve,E44
E45 ,Retardo del desarrollo debido a desnutrición proteicocalórica,E45
E46,Desnutrición proteicocalórica no especificada,E46
E50,Deficiencia de vitamina A,E50
E51,Deficiencia de tiamina,E51
E52 ,Deficiencia de niacina [pelagra],E52
E53,Deficiencia de otras vitaminas del grupo B,E53
E54,Deficiencia de ácido ascórbico,E54
E55,Deficiencia de vitamina D,E55
E56,Deficiencias de vitaminas,E56
E58 ,Deficiencia dietética de calcio,E58
E59,Deficiencia dietética de selenio,E59
E60,"Deficiencia dietética de zinc""",E60
E61,Deficiencia de otros elementos nutricionales,E61
E63,Otras deficiencias nutricionales,E63
E64,Secuelas de la desnutrición,E64
E65,Adiposidad localizada,E65
E66,Obesidad,E66
E67,Tipos de hiperalimentación,E67
E68 ,Secuelas de hiperalimentación,E68
E70,Aminoácidos aromáticos   ,E70
E71,Trastornos del metabolismo de los aminoácidos de cadena ramificada y ácidos grasos,E71
E72,Trastornos del metabolismo de los aminoácidos,E72
E73,Intolerancia a la lactosa,E73
E74,Trastornos del metabolismo de los carbohidratos,E74
E75 ,Trastornos del metabolismo de los esfingolipidos y almacenamiento de lípidos,E75
E76,Trastornos del metabolismo de los glucosaminoglicanos ,E76
E77,Trastornos del metabolismo de las glucoproteínas,E77
E78,Trastornos del metabolismo de las lipoproteínas y lipidemias,E78
E79,Trastornos del metabolismo de las purinas y de las pirimidinas,E79
E80,Trastornos del metabolismo de las porfirinas y de la bilirrubina,E80
E83,Trastornos del metabolismo de los minerales,E83
E84,Fibrosis quística ,E84
E85,Amiloidosis,E85
E86,Depleción del volumen,E86
E87,Trastornos de los líquidos electrolitos y equilibrio ácido-básico,E87
E88,Trastornos metabólicos,E88
E89,Trastornos endocrinos metabólicos consecutivos a procedimientos no clasificados,E89
E90 ,Trastornos nutricionales y metabólicos en enfermedades clasificadas,E90
F00,Demencia en la enfermedad de alzheimer,F00
F01,Demencia vascular,F01
F02,Demencia en otras enfermedades clasificadas,F02
F03,Demencia no especificada,F03
F04,Síndrome amnésico orgánico no inducido por sustancias psicoactivas,F04
F05,Delirio no inducido por el alcohol o sustancias psicoactivas,F05
F06,Trastornos mentales debidos a lesión y disfunción cerebral y enfermedad física,F06
F07,TP y del comportamiento debido a enfermedad,F07
F09 ,Trastorno mental orgánico o sintomático no especificado,F09
F10,Trastornos mentales y del comportamiento debido al alcohol ,F10
F11,Trastornos mentales y del comportamiento debido a opiáceos,F11
F12,Trastornos mentales y del comportamiento debidos al uso de cannabinoides,F12
F13,Trastornos mentales y del comportamiento debidos al uso de sedantes o hipnóticos,F13
F14,Trastornos mentales y del comportamiento debido al uso de cocaína ,F14
F15,Trastornos mentales y del comportamiento debido al uso de otros estimulantes,F15
F16,Trastornos mentales y del comportamiento debido al uso de alucinógenos,F16
F17,Trastornos mentales y del comportamiento debidos al uso del tabaco,F17
F18,Trastornos mentales y del comportamiento debidos a disolventes volátiles,F18
F19,Trastornos mentales y del comportamiento debidos al uso de múltiples drogas,F19
F20,Esquizofrenia,F20
F21 ,Trastorno esquizotípico,F21
F22,Trastornos delirantes persistentes ,F22
F23,Trastornos psicóticos agudos y transitorios,F23
F24,Trastorno delirante inducido,F24
F25,Trastornos esquizoafectivos,F25
F28,Otros trastornos psicóticos  de origen no orgánico,F28
F29,Psicosis de origen no orgánico no especificada,F29
F30,Episodio maníaco,F30
F31,Trastorno afectivo bipolar,F31
F32,Episodio depresivo,F32
F33,Trastorno depresivo recurrente,F33
F34,Trastornos del humor [afectivos] persistentes,F34
F38,Trastornos del humor [afectivos],F38
F39,Trastorno del humor [afectivo] no especificado,F39
F40,Trastornos fóbicos de ansiedad,F40
F41,Otros trastornos de ansiedad,F41
F42,Trastorno obsesivo-compulsivo,F42
F43,Reacción al estrés grave y trastornos de adaptación,F43
F44,Trastornos disociativos [de conversión],F44
F45,Trastornos somatomorfos,F45
F48,Otros trastornos neuróticos,F48
F50,Trastornos de la ingestión de alimentos,F50
F51,Trastornos no orgánicos del sueño,F51
F52,Disfunción sexual no ocasionada por trastornos ni enfermedades orgánicos ,F52
F53,TMYC asociados al puerperio no clasificadas,F53
F54 ,Factores psicológicos y del comportamiento asociados a enfermedades clasificados,F54
F55,Abuso de sustancias que no producen dependencia,F55
F59,Síndromes del comportamiento asociados con alteraciones fisiológicas y factores físicos no especificados,F59
F60,Trastornos específicos de la personalidad,F60
F61,Trastornos mixtos y otros trastornos de la personalidad,F61
F62,Cambios perdurables de la personalidad no atribuibles a lesión o enfermedad cerebral,F62
F63,Trastornos de los hábitos y de los impulsos,F63
F64,Trastornos de la identidad de género,F64
F65,Trastornos de la preferencia sexual,F65
F66,TPYC asociados con el desarrollo y con la orientación sexuales ,F66
F68,Trastornos de la personalidad y del comportamiento en adultos ,F68
F69,Trastorno de la personalidad y del comportamiento en adultos no especificado,F69
F70,Retraso mental leve,F70
F71,Retraso mental moderado,F71
F72,Retraso mental grave ,F72
F73,Retraso mental profundo,F73
F78,Otros tipos de retraso mental,F78
F79,Retraso mental no especificado,F79
F80,Trastornos específicos del desarrollo del habla y del lenguaje,F80
F81,Trastornos específicos del desarrollo de las habilidades escolares ,F81
F82,Trastorno específico del desarrollo de la función motriz,F82
F83,Trastornos específicos mixtos del desarrollo,F83
F84,Trastornos generalizados del desarrollo,F84
F88,Otros trastornos del desarrollo psicológico,F88
F89,Trastorno del desarrollo psicológico no especificado,F89
F90,Trastornos hipercinéticos,F90
F91,Trastornos de la conducta ,F91
F92,Trastornos mixtos de la conducta y de las emociones,F92
F93,Trastornos emocionales comienzo especifico en la niñez,F93
F94,TCS de comienzo especifico en la niñez y adolescencia,F94
F95,Trastornos por tics,F95
F98,TEYC que aparecen habitualmente en la niñez y en la adolescencia,F98
F99,Trastorno mental no especificado,F99
G00,Meningitis bacteriana no clasificada,G00
G01,Meningitis en enfermedades bacterianas clasificadas,G01
G02,Meningitis en otras enfermedades infecciosas clasificadas,G02
G03,Meningitis debida a otras causas y a las no especificadas,G03
G04,Encefalitis mielitis y encefalomielitis,G04
G05,Encefalitis mielitis y encefalomielitis en enfermedades clasificadas,G05
G06,Absceso y granuloma intracraneal e intrarraquídeo,G06
G07 ,Absceso y granuloma intracraneal e intrarraquídeo en enfermedades ,G07
G08,Flebitis y tromboflebitis intracraneal e intrarraquídea,G08
G09,Secuelas de enfermedades inflamatorias del SNC,G09
G10,Enfermedad de Huntington,G10
G11,Ataxia hereditaria  ,G11
G12,Atrofia muscular espinal y síndromes afines,G12
G13,Atrofias sistémicas que afectan primariamente el SNC en enfermedades clasificadas ,G13
G20,Enfermedad de Parkinson,G20
G21,Parkinsonismo secundario,G21
G22,Parkinsonismo en enfermedades clasificadas ,G22
G23,Enfermedades degenerativas de los núcleos de la base,G23
G24,Distonia,G24
G25,Trastornos extrapiramidales y del movimiento,G25
G26,Trastornos extrapiramidales y del movimiento en enfermedades clasificadas ,G26
G30,Enfermedad de alzheimer,G30
G31,Enfermedades degenerativas del sistema nervioso no clasificadas,G31
G32,Trastornos degenerativos del SN en enfermedades clasificados,G32
G35,Esclerosis múltiple,G35
G36,Desmielinizaciones diseminadas agudas,G36
G37,Enfermedades desmielinizantes del SNC,G37
G40,Epilepsia,G40
G41,Estado de mal epiléptico,G41
G43,Migraña,G43
G44,Otros síndromes de cefalea,G44
G45,Ataques de isquemia cerebral transitoria y síndromes afines,G45
G46,Síndromes vasculares encefálicos en enfermedades clasificadas,G46
G47,Trastornos del sueño,G47
G50,Trastornos del nervio trigémino,G50
G51,Trastornos del nervio facial,G51
G52,Trastornos de otros nervios craneales,G52
G53,Trastornos de los nervios craneales en enfermedades clasificadas,G53
G54,Trastornos de las raíces y de los plexos nerviosos,G54
G55,Compresiones de las raíces y de los plexos nerviosos en enfermedades clasificadas,G55
G56,Mononeuropatias del miembro superior,G56
G57,Mononeuropatias del miembro inferior,G57
G58,Otras mononeuropatias,G58
G59,Mononeuropatia en enfermedades clasificadas,G59
G60,Neuropatía hereditaria e idiopática,G60
G61,Polineuropatía inflamatoria,G61
G62,Otras polineuropatías ,G62
G63,Polineuropatía en enfermedades clasificadas,G63
G64,Otros trastornos del sistema nervioso periférico,G64
G70,Miastenia gravis y otros trastornos neuromusculares ,G70
G71,Trastornos musculares primarios,G71
G72,Otras miopatias,G72
G73,Trast. del músculo y de la unión neuromuscular en enfermedades clasificadas,G73
G80,Parálisis cerebral infantil,G80
G81,Hemiplejía,G81
G82,Paraplejía y cuadriplejía,G82
G83,Otros síndromes paralíticos,G83
G90,Trastornos del SN autónomo,G90
G91,Hidrocéfalo ,G91
G92,Encefalopatía tóxica,G92
G93,Otros trastornos del encéfalo,G93
G94,Otros trastornos del encéfalo en enfers. clasificadas  ,G94
G95,Enfermedades de la médula espinal,G95
G96,Otros trastornos del SNC,G96
G97,Trastornos del SN consecutivos a procedimientos no clasificados,G97
G98,Otros trastornos del SN no clasificados en otra parte,G98
G99,Otros trastornos del SN en enfermedades clasificadas ,G99
H00,Orzuelo y calacio,H00
H01,Inflamaciones del párpado ,H01
H02,Trastornos de los párpados,H02
H03,Trastornos del párpado en enfermedades clasificadas,H03
H04,Trastornos del aparato lagrimal,H04
H05,Trastornos de la órbita,H05
H06,Trast. del aparato lagrimal y de la órbita en enfers. clasificadas ,H06
H10,Conjuntivitis ,H10
H11,Otros trastornos de la conjuntiva,H11
H13,Trastornos de la conjuntiva en enfermedades clasificadas,H13
H15,Trastornos de la esclerótica,H15
H16 ,Queratitis,H16
H17,Opacidades y cicatrices córneales,H17
H18,Otros trastornos de la córnea ,H18
H19,Trastornos de la esclerótica y de la córnea en enfers. clasificadas,H19
H20,Iridociclitis,H20
H21,Trastornos del iris y del cuerpo ciliar,H21
H22,Trastornos del iris y del cuerpo ciliar en enfers. clasificadas ,H22
H25,Catarata senil,H25
H26,Otras cataratas,H26
H27,Trastornos del cristalino,H27
H28,Catarata y otros trastornos del cristalino en enfers. clasificadas,H28
H30,Inflamación coriorretiniana,H30
H31,Trastornos de la coroides,H31
H32,Trastornos coriorretinianos en enfermedades clasificadas ,H32
H33,Desprendimiento y desgarro de la retina,H33
H34,Oclusión vascular de la retina,H34
H35,Otros trastornos de la retina,H35
H36,Trastornos de la retina en enfermedades clasificadas,H36
H40,Glaucoma ,H40
H42,Glaucoma en enfermedades clasificadasificadas,H42
H43,Trastornos del cuerpo vítreo,H43
H44,Trastornos del globo ocular,H44
H45,Trastornos del cuerpo vítreo y del globo ocular en enfers. clasificadas,H45
H46,Neuritis óptica,H46
H47,Trastornos del nervio óptico [II par] y de las vías ópticas,H47
H48,Trastornos del nervio óptico [II par] y de las vías ópticas en enfers. clasificadas,H48
H49,Estrabismo paralítico,H49
H50,Otros estrabismos,H50
H51,Trastornos de los movimientos binoculares ,H51
H52,Trastornos de la acomodación y refracción,H52
H53,Alteraciones de la visión,H53
H54,Ceguera y disminución de la agudeza visual,H54
H55,Nistagmo y otros movimientos oculares irregulares,H55
H57,Otros trastornos del ojo y sus anexos,H57
H58,Trastornos del ojo y sus anexos en enfers. clasificadas ,H58
H59,Trastornos del ojo y sus anexos consecutivos a procedimientos no clasificados,H59
H60,Otitis externa ,H60
H61,Otros trastornos del oído externo,H61
H62,Trastornos del oído externo en enfermedades clasificadas,H62
H65,Otitis media no supurativa ,H65
H66,Otitis media supurativa y la no especificada,H66
H67,Otitis media en enfermedades clasificadas,H67
H68,Inflamación y obstrucción de la trompa de Eustaquio,H68
H69,Otros trastornos de la trompa de Eustaquio,H69
H70,Mastoiditis y afecciones relacionadas,H70
H71,Colesteatoma del oído medio,H71
H72,Perforación de la membrana timpánica,H72
H73,Otros trastornos de la membrana timpánica,H73
H74,Trastornos del oído medio y de la apófisis mastoides,H74
H75,Trastornos del oído medio y de la apófisis mastoides en enfers. clasificadas,H75
H80,Otosclerosis ,H80
H81,Trastornos de la función vestibular,H81
H82,Síndromes vertiginosos en enfers. clasificadas,H82
H83,Trastornos del oído interno,H83
H90,Hipoacusia conductiva y neurosensorial,H90
H91,Otras hipoacusias,H91
H92,Otalgia y secreción del oído,H92
H93,Trastornos del oído no clasificados,H93
H94,Trastornos del oído en enfermedades clasificadas,H94
H95,Trast. del oído y apófisis mastoides consecutivos a procedi. no clasificados,H95
I00,Fiebre reumática sin mención de complicación cardíaca,I00
I01,Fiebre reumática con complicación cardíaca,I01
I02,Corea reumática,I02
I05,Enfermedades reumáticas de la válvula mitral,I05
I06,Enfermedades reumáticas de la válvula aórtica ,I06
I07,Enfermedades reumáticas de la válvula tricúspide,I07
I08,Enfermedades valvulares múltiples,I08
I09,Otras enfermedades reumáticas del corazón,I09
I10,Hipertensión esencial (primaria),I10
I11,Enfermedad cardíaca hipertensiva,I11
I12,Enfermedad renal hipertensiva,I12
I13,Enfermedad cardiorrenal hipertensiva,I13
I15,Hipertensión secundaria,I15
I20,Angina de pecho,I20
I21,Infarto agudo del miocardio,I21
I22,Infarto subsecuente del miocardio,I22
I23,Complicaciones presentes posteriores al infarto agudo del miocardio,I23
I24,Enfermedades isquemicas agudas del corazón ,I24
I25,Enfermedad isquemica crónica del corazón,I25
I26,Embolia pulmonar,I26
I27,Enfermedades cardiopulmonares,I27
I28,Enfermedades vasos pulmonares,I28
I30,Pericarditis aguda,I30
I31, Enfermedades del pericardio,I31
I32,Pericarditis en enfermedades clasificadas,I32
I33,Endocarditis aguda y subaguda ,I33
I34,Trastornos no reumáticos de la válvula mitral,I34
I35,Trastornos no reumáticos de la válvula aórtica,I35
I36,Trastornos no reumáticos de la válvula tricúspide,I36
I37,Trastornos de la válvula pulmonar,I37
I38,Endocarditis válvula no especificada,I38
I39,Endocarditis y trastornos valvulares en enfers. clasificadas,I39
I40,Miocarditis aguda,I40
I41,Miocarditis en enfermedades clasificadas ,I41
I42,Cardiomiopatía,I42
I43,Cardiomiopatía en enfers. clasificadas,I43
I44,Bloqueo auriculoventricular y de rama izquierda del haz,I44
I45,Otros trastornos de la conducción,I45
I46,Paro cardíaco,I46
I47,Taquicardia paroxística,I47
I48,Fibrilación y aleteo auricular,I48
I49,Otras arritmias cardíacas,I49
I50,Insuficiencia cardíaca,I50
I51,Complicaciones y descripciones mal definidas en enfers. cardíacas,I51
I52,Trastornos cardíacos en enfermedades clasificadas ,I52
I60,Hemorragia subaracnoidea,I60
I61,Hemorragia intraencefálica,I61
I62,Hemorragias intracraneales no traumáticas,I62
I63,Infarto cerebral,I63
I64,Accidente vascular encefálico agudo no especifi. como hemorrágico o isquémico,I64
I65,Oclusión y estenosis en arterias precerebrales sin ocasionar infarto cerebral,I65
I66,Oclusión y estenosis en arterias cerebrales sin ocasionar infarto cerebral,I66
I67,Enfermedades cerebrovasculares ,I67
I68,Trastornos cerebrovasculares en enfermedades clasificadas,I68
I69,Secuelas de enfermedades cerebrovascular,I69
I70,Aterosclerosis,I70
I71,Aneurisma y disección aórticos,I71
I72,Otros aneurismas,I72
I73,Enfermedades vasculares periféricas ,I73
I74,Embolia y trombosis arteriales,I74
I77,Trastornos arteriales o arteriolares,I77
I78,Enfermedades de los vasos capilares,I78
I79,Trast. de las arterias de las arteriolas y vasos capilares en enfers. clasificadas,I79
I80,Flebitis y tromboflebitis,I80
I81,Trombosis de la vena porta,I81
I82,Otras embolias y trombosis venosas,I82
I83,Venas varicosas de los miembros inferiores,I83
I84,Hemorroides,I84
I85,Várices esofágicas,I85
I86,Várices de otros sitios,I86
I87,Otros trastornos de las venas,I87
I88,Linfadenitis inespecífica ,I88
I89,Trastornos no infecciosos de los vasos y ganglios linfáticos,I89
I95,Hipotensión,I95
I97,Trastornos del SC consecutivos a procedimientos no clasificados,I97
I98,Trastornos del SC en enfermedades clasificadas,I98
I99,Otros trastornos y los no especificados del SC,I99
J00,Rinofaringitis aguda [resfriado común],J00
J01,Sinusitis aguda,J01
J02,Faringitis aguda,J02
J03,Amigdalitis aguda,J03
J04,Laringitis y traqueítis agudas,J04
J05,Laringitis obstructiva aguda [crup] y epiglotitis ,J05
J06,Infecciones agudas de las vías respiratorias superiores no especificados,J06
J09,Influenza debida a virus de la influenza aviar identificado,J09
J10,Influenza debida a virus de la influenza identificado,J10
J11,Influenza debida a virus no identificado,J11
J12,Neumonía viral no clasificada,J12
J13,Neumonía debida a Streptococcus pneumoniae,J13
J14,Neumonía debida a Haemophilus influenzae,J14
J15,Neumonía bacteriana no clasificada,J15
J16,Neumonía debida a otros microorganismos infecciosos no clasificados,J16
J17,Neumonía en enfermedades clasificadas ,J17
J18,Neumonía organismo no especificado,J18
J20,Bronquitis aguda,J20
J21,Bronquiolitis aguda,J21
J22,Infección aguda no especificada de las vías respiratorias inferiores,J22
J30,Rinitis alérgica y vaso-motora,J30
J31,Rinitis rinofaringitis y faringitis crónica,J31
J32,Sinusitis crónica,J32
J33,Pólipo nasal,J33
J34,Trastornos de la nariz y de los senos paranasales,J34
J35,Enfers. crónicas de las amígdalas y de las adenoides ,J35
J36,Absceso periamigdalino,J36
J37,Laringitis y laringotraqueítis crónicas ,J37
J38,Enfers. de las cuerdas vocales y de la laringe no clas.,J38
J39,Enfermedades de las vías respiratorias superiores ,J39
J40,Bronquitis no especificada como aguda o crónica,J40
J41,Bronquitis crónica simple y mucopurulenta,J41
J42,Bronquitis crónica no especificada,J42
J43,Enfisema,J43
J44,Enfermedades pulmonares obstructivas crónicas,J44
J45,Asma,J45
J46,Estado asmático,J46
J47,Bronquiectasia,J47
J60,Neumoconiosis de los mineros del carbón,J60
J61,Neumoconiosis debida al asbesto y a otras fibras minerales,J61
J62,Neumoconiosis debidas a polvo de sílice,J62
J63,Neumoconiosis debida a otros polvos inorgánicos,J63
J64,Neumoconiosis no especificada,J64
J65,Neumoconiosis asociada con tuberculosis,J65
J66,Enfers. de las vías aéreas debidas a polvos orgánicos específicos ,J66
J67,Neumonitis debida a hipersensibilidad al polvo orgánico,J67
J68,Afecciones respiratorias debidas a inhalación de gases y sustancias químicas,J68
J69,Neumonitis debida a sólidos y líquidos,J69
J70,Afecciones respiratorias debidas a otros agentes externos,J70
J80,Síndrome de dificultad respiratoria del adulto,J80
J81,Edema pulmonar,J81
J82,Eosinofilia pulmonar no clasificada,J82
J84,Enfermedades pulmonares intersticiales,J84
J85,Absceso del pulmón y del mediastino,J85
J86,Piotorax,J86
J90,Derrame pleural no clasificado ,J90
J91,Derrame pleural en afecciones clasificadas ,J91
J92,Paquipleuritis,J92
J93,Neumotorax,J93
J94,Afecciones de la pleura,J94
J95,Trastornos del SR consecutivos a procedimientos no clas.,J95
J96,Insuficiencia respiratoria no clasificadas,J96
J98,Trastornos respiratorios,J98
J99,Trastornos respiratorios en enfermedades clasificadas,J99
K00 ,Trastornos del desarrollo y erupción de los dientes,K00
K01,Dientes incluidos e impactados,K01
K02,Caries dental,K02
K03,Enfermedades de los tejidos duros de los dientes ,K03
K04,Enfermedades de la pulpa y de los tejidos periapicales ,K04
K05,Gingivitis y enfermedades periodontales,K05
K06,Trastornos de la encía y de la zona edéntula,K06
K07,Anomalías dentofaciales [inclusola maloclusion],K07
K08,Trastornos de los dientes y de sus estructuras de sostén,K08
K09,Quistes de la región bucal no clasificadas,K09
K10,Enfermedades de los maxilares,K10
K11,Enfermedades de las glándulas salivares,K11
K12,Estomatitis y lesiones afines,K12
K13,Enfermedades de los labios y de la mucosa bucal,K13
K14,Enfermedades de la lengua,K14
K20,Esofagitis,K20
K21,Enfermedad del reflujo gastroesofágico,K21
K22,Enfermedades del esófago,K22
K23,Trastornos del esófago en enfermedades clas.,K23
K25,Úlcera gástrica,K25
K26,Úlcera duodenal,K26
K27,Úlcera péptica sitio no especificado,K27
K28,Úlcera gastroyeyunal,K28
K29,Gastritis y duodenitis,K29
K30,Dispepsia,K30
K31,Otras enfermedades del estómago y del duodeno,K31
K35,Apendicitis aguda,K35
K36,Otros tipos de apendicitis,K36
K37,Apendicitis no especificada,K37
K38, Enfermedades del apéndice,K38
K40,Hernia inguinal,K40
K41,Hernia femoral,K41
K42,Hernia umbilical,K42
K43,Hernia ventral,K43
K44,Hernia diafragmática,K44
K45,Hernias de la cavidad abdominal ,K45
K46,Hernia no especificada de la cavidad abdominal ,K46
K50,Enfermedades de crohn [enteritis regional],K50
K51,Colitis ulcerativa,K51
K52,Colitis y gastroenteritis no infecciosas,K52
K55,Trastornos vasculares de los intestinos,K55
K56,Íleo paralitico y obstrucción intestinal sin hernia,K56
K57,Enfermedad diverticular del intestino,K57
K58,Síndrome del colon irritable,K58
K59,Trastornos funcionales del intestino,K59
K60,Fisura y fistula de las regiones anal y rectal,K60
K61,Absceso de las regiones anal y rectal,K61
K62,Enfermedades del ano y del recto ,K62
K63,Enfermedades de los intestinos,K63
K65,Peritonitis,K65
K66,Trastornos del peritoneo,K66
K67,Trastornos del peritoneo en enfermedades clas.,K67
K70,Enfermedad alcohólica del hígado,K70
K71,Enfermedad tóxica del hígado,K71
K72,Insuficiencia hepática no clasificadas,K72
K73,Hepatitis crónica no clasificadas,K73
K74,Fibrosis y cirrosis del hígado,K74
K75,Enfermedades inflamatorias del hígado ,K75
K76,Otras enfermedades del hígado,K76
K77,Trastornos del hígado en enfermedades clas.,K77
K80,Colelitiasis,K80
K81,Colecistitis,K81
K82,Enfermedades de la vesícula biliar,K82
K83,Enfermedades de las vías biliares,K83
K85,Pancreatitis aguda ,K85
K86,Enfermedades del páncreas,K86
K87,Trastornos de la vesícula biliar vías biliares y páncreas en enfers. clas.,K87
K90,Malabsorción intestinal,K90
K91,Trastornos del SD consecutivos a procedimientos no clas.,K91
K92,Enfermedades del sistema digestivo,K92
K93,Trastornos de otros órganos digestivos en enfermedades clas.,K93
L00,Síndrome estafilocócico de la piel escaldada,L00
L01,Impetigo,L01
L02,Absceso cutáneo furúnculo y ántrax,L02
L03,Celulitis,L03
L04,Linfadenitis aguda,L04
L05,Quiste pilonidal,L05
L08,Infecciones locales piel y tejido subcutáneo,L08
L10,Pénfigo,L10
L11,Trastornos acantolíticos,L11
L12,Penfigoide,L12
L13,Trastornos flictenulares,L13
L14,Trastornos flictenulares en enfermedades clas.,L14
L20,Dermatitis atópica,L20
L21,Dermatitis seborreica,L21
L22,Dermatitis del pañal,L22
L23,Dermatitis alérgica de contacto ,L23
L24,Dermatitis de contacto por irritantes,L24
L25,Dermatitis de contacto forma no especificada ,L25
L26,Dermatitis exfoliativa,L26
L27,Dermatitis debida a sustancias ingeridas,L27
L28,Liquen simple crónico y prurigo,L28
L29,Prurito,L29
L30,Otras dermatitis,L30
L40,Psoriasis,L40
L41,Parapsoriasis,L41
L42,Pitiriasis rosada,L42
L43,Liquen plano,L43
L44,Trastornos papuloescamosos,L44
L45,Trastornos papuloescamosos en enfermedades clas.,L45
L50,Urticaria,L50
L51,Eritema multiforme,L51
L52,Eritema nudoso,L52
L53,Afecciones eritematosas,L53
L54,Eritema en enfermedades clas.,L54
L55,Quemadura solar,L55
L56,Cambios agudos de la piel debidos a radiación UV,L56
L57,Cambios agudos de la piel debidos a exposición crónica a radiación no ionizante ,L57
L58,Radiodermatitis,L58
L59,Trastornos de la piel y del tejido subcutáneo relacionados con radiación ,L59
L60,Trastornos de las uñas,L60
L62,Trastornos uñas en enfermedades clas.,L62
L63,Alopecia areata,L63
L64,Alopecia andrógena,L64
L65,Pérdida no cicatricial del pelo,L65
L66,Alopecia cicatricial [pérdida cicatricial del pelo],L66
L67,Anormalidades del tallo y del color del pelo,L67
L68,Hipertricosis,L68
L70,Acné,L70
L71,Rosácea,L71
L72,Quiste folicular de la piel y del tejido subcutáneo,L72
L73,Trastornos foliculares,L73
L74,Trastornos sudoríparos ecrinos,L74
L75,Trastornos sudoríparos apocrinos,L75
L80,Vitíligo,L80
L81,Trastornos de la pigmentación,L81
L82,Queratosis seborreica,L82
L83,Acantosis nigricans,L83
L84,Callos y callosidades,L84
L85,Tipos de engrosamiento epidérmico,L85
L86,Queratoderma en enfermedades clas.,L86
L87,Trastornos de la eliminación transepidérmica ,L87
L88,Pioderma gangrenoso,L88
L89,Úlcera de decúbito,L89
L90,Trastornos atróficos de la piel,L90
L91,Trastornos hipertróficos de la piel,L91
L92,Trastornos granulomatosos de la piel y tejido subcutáneo,L92
L93,Lupus eritematoso,L93
L94,Trastornos localizados del tejido conjuntivo ,L94
L95,Vasculitis limitada a la piel no clas.,L95
L97,Úlcera de miembro inferior no clas.,L97
L98,Trastornos de la piel y del tejido subcutáneo no clas.,L98
L99,Trastornos de la piel y del tejido subcutáneo en enfermedades clas.,L99
M00,Artritis piógena,M00
M01,Infecciones directas de la articulación en enfermedades infecciosas y parasitarias clas.,M01
M02,Artropatías reactivas,M02
M03,Artropatías postinfecciosas y reactivas en enfers. clas.,M03
M05,Artritis reumatoide seropositiva ,M05
M06,Artritis reumatoides,M06
M07,Artropatías psoriásicas y enteropáticas ,M07
M08,Artritis juvenil,M08
M09,Artritis juvenil en enfermedades clas.,M09
M10,Gota,M10
M11,Artropatías por cristales ,M11
M12,Artropatías específicas,M12
M13,Otras artritis ,M13
M14,Artropatía en enfermedades clas.,M14
M15,Poliartrosis,M15
M16,Coxartrosis,M16
M17,Gonartrosis,M17
M18,Artros de la primera articulación carpometacarpiana,M18
M19,Otras artrosis,M19
M20,Deformidades adquiridas de los dedos de la mano y del pie ,M20
M21,Deformidades adquiridas de los miembros,M21
M22,Trastornos de la rótula,M22
M23,Trastorno interno de la rodilla,M23
M24,Trastornos articulares específicos ,M24
M25,Trastornos articulares no clas.,M25
M30,Poliartritis nudosa y afecciones relacionadas ,M30
M31,Vasculopatías necrotizantes,M31
M32,Lupus eritematoso sistémico,M32
M33,Dermatopolimiositis,M33
M34,Esclerosis sistémica,M34
M35,Compromiso sistémico del tejido conjuntivo ,M35
M36,Trastornos sistémicos del tejido conjuntivo en enfermedades clas.,M36
M40,Cifosis y lordosis,M40
M41,Escoliosis,M41
M42,Osteocondrosis de la columna vertebral,M42
M43,Dorsopatías deformantes,M43
M45,Espondilitis anquilosante,M45
M46,Espondilopatías inflamatorias,M46
M47,Espondilosis,M47
M48,Espondilopatías,M48
M49,Espondilopatías en enfermedades clas.,M49
M50,Trastornos del disco cervical,M50
M51,Trastornos de los discos intervertebrales,M51
M53,Dorsopatías no clasificadas,M53
M54,Dorsalgia,M54
M60,Miositis,M60
M61,Calcificación y osificación del musculo ,M61
M62,Trastornos de los músculos,M62
M63,Trastornos de los músculos en enfermedades clas.,M63
M65,Sinovitis y tenosinovitis ,M65
M66,Ruptura espontanea de la sinovia y del tendón,M66
M67,Trastornos de la sinovia y tendón,M67
M68,Trastornos de la sinovia y del tendón del enfermedades clas.,M68
M70,Trast. del tejido blando relacionados con el uso excesivo y la presión,M70
M71,Bursopatías,M71
M72,Trastornos fibroblastícos,M72
M73,Trastornos del tejido blando en enfermedades clas.,M73
M75,Lesiones del hombro,M75
M76,Entesopatías del miembro inferior excluido el pie,M76
M77,Entesopatías,M77
M79,Trastornos de los tejidos blandos no clas.,M79
M80,Osteoporosis con fractura patológica,M80
M81,Osteoporosis sin fractura patológica,M81
M82,Osteoporosis en enfermedades clas.,M82
M83,Osteomalacia del adulto,M83
M84,Trastornos de la continuidad del hueso,M84
M85,Trastornos de la densidad y de la estructura óseas,M85
M86,Osteomielitis,M86
M87,Osteonecrosis,M87
M88,Enfermedades de paget de los huesos [osteitis deformante],M88
M89, Trastornos del hueso ,M89
M90,Osteopatías en enfermedades clas.,M90
M91,Osteocondrosis juvenil de la cadera y de la pelvis ,M91
M92,Osteocondrosis juveniles ,M92
M93,Otras osteocondropatías,M93
M94,Trastornos del cartílago,M94
M95,Deformidades adquiridas del sistema osteomuscular y del tejido conjuntivo,M95
M96,Trastornos osteomusculares consecutivos a procedimientos no clas.,M96
M99,Lesiones biomecánicas no clas.,M99
N00,Síndrome nefrítico agudo,N00
N01,Síndrome nefrítico rápidamente progresivo,N01
N02,Hematuria recurrente y persistente,N02
N03,Síndrome nefrítico crónico,N03
N04,Síndrome nefrótico,N04
N05,Síndrome nefrítico no especificado,N05
N06,Proteinuria aislada con lesión morfológica especificada,N06
N07,Nefropatía hereditaria no clasificada,N07
N08,Trastornos glomerulares en enfermedades clas.,N08
N10,Nefritis tubulointersticial aguda,N10
N11,Nefritis tubulointersticial crónica,N11
N12,Nefritis tubulointersticial no especificada como aguda o crónica,N12
N13,Uropatía obstructiva y por reflujo ,N13
N14,Afecciones tubulares y tubulointersticiales inducidas por drogas y por metales pesados,N14
N15,Enfermedades renales tubulointersticiales ,N15
N16,Trastornos renales tubulointersticiales en enfermedades clas.,N16
N17,Insuficiencia renal aguda,N17
N18,Insuficiencia renal crónica,N18
N19,Insuficiencia renal no especificada,N19
N20,Cálculo del riñón y del uréter,N20
N21,Cálculo de las vías urinarias inferiores,N21
N22,Cálculo de las vías urinarias en enfermedades clas. ,N22
N23,Cólico renal no especificado,N23
N25,Trast. resultantes de la función tubular renal alterada,N25
N26,Riñón contraído no especificado,N26
N27,Riñón pequeño de causa desconocida,N27
N28,Trastornos del riñón y del uréter no clas.,N28
N29,Trastornos del riñón y del uréter en enfermedades clas.,N29
N30,Cistitis,N30
N31,Disfunción neuromuscular de vejiga no clas.,N31
N32,Trastornos de la vejiga,N32
N33,Trastornos vejiga en enfermedades clas.,N33
N34,Uretritis y síndrome uretral,N34
N35,Estrechez uretral,N35
N36,Trastornos de la uretra,N36
N37,Trastornos uretra en enfermedades clas.,N37
N39,Trastornos del sistema urinario ,N39
N40,Hiperplasia de la próstata,N40
N41,Enfermedades inflamatorias de la próstata,N41
N42,Trastornos de la próstata,N42
N43,Hidrocele y espermatocele,N43
N44,Torsión del testículo,N44
N45,Orquitis y epididimitis,N45
N46,Eterilidad en el varón,N46
N47,Prepucio redundante fimosis y parafimosis,N47
N48,Trastornos del pene,N48
N49,Trastornos inflamatorios de los órganos genitales masculinos no clas.,N49
N50,Trastornos de los órganos genitales masculinos,N50
N51,Trastornos de los órganos genitales masculinos en enfers. clas.,N51
N60,Displasia mamaria benigna,N60
N61,Trastornos inflamatorios de la mama,N61
N62,Hipertrofia de la mama,N62
N63,Masa no especificada en la mama,N63
N64,Trastornos de la mama ,N64
N70,Salpingitis y ooforitis,N70
N71,Enfermedades inflamatorias del utero excepto cuello,N71
N72,Enfermedad inflamatoria del cuello uterino,N72
N73,Enfermedades pélvicas inflamatorias femeninas,N73
N74,Tast. inflamatorios de la pélvis femenina en enfers. clas.,N74
N75,Enfermedades de la glándula de Bartholin,N75
N76,Enfermedades inflamatorias de la vagina y de la vulva,N76
N77,Ulceración e inflamación vulvovaginal en enfers. clas.,N77
N80,Endometriosis,N80
N81,Prolapso genital femenino,N81
N82,Fístulas que afectan el tracto genital femenino,N82
N83,Trast. no inflamatorios del ovario de la trompa de falopio y del ligamento ancho,N83
N84,Pólipo del tracto genital femenino,N84
N85,Trastornos no inflamatorios del útero excepto del cuello ,N85
N86 ,Erosión y ectropión del cuello del útero,N86
N87,Displasia del cuello uterino,N87
N88,Trastornos no inflamatoria del cuello uterino ,N88
N89,Trastornos no inflamatorios de la vagina ,N89
N90,Trastornos no inflamatorios de la vulva y del perineo,N90
N91,Menstruación ausente escasa o rara,N91
N92,Menstruación excesiva frecuente e irregular,N92
N93,Hemorragias uterinas o vaginales anormales ,N93
N94,Afecciones relacionadas con los órganos genitales femeninos y con el ciclo menstrual,N94
N95,Trastornos menopáusicos y perimenopaáusicos ,N95
N96,Abortadora habitual,N96
N97,Infertilidad femenina,N97
N98,Complicación asociada con la fecundación artificial ,N98
N99,Trast. del sistema genitourinario consecutivos a procedimientos no clas.,N99
O00,Embarazo ectópico,O00
O01,Mola hidatiforme,O01
O02,Productos anormales de la concepción ,O02
O03,Aborto espontáneo,O03
O04,Aborto médico,O04
O05,Otro aborto,O05
O06,Aborto no especificado,O06
O07,Intento fallido de aborto,O07
O08,Complicaciones consecutivas al aborto al embarazo ectópico y embarazo molar ,O08
O10,Hipertensión preexistente que complica el embarazo parto y puerperio,O10
O11,Trastornos hipertensivos preexistentes con proteinuria agregada,O11
O12,Edema y proteinuria gestacional [inducidos por el embarazo] sin hipertensión ,O12
O13,Hipertensión gestacional [inducida por el embarazo] sin proteinuria significativa,O13
O14,Hipertensión gestacional [inducida por el embarazo] con proteinuria significativa,O14
O15,Eclampsia,O15
O16,Hipertensión materna no especificada,O16
O20,Hemorragia precoz del embarazo,O20
O21,Vómitos excesivos en el embarazo,O21
O22,Complicaciones venosas en el embarazo,O22
O23,Infecciones de las vías genitourinarias en el embarazo,O23
O24,Diabetes mellitus en el embarazo,O24
O25,Desnutrición en el embarazo,O25
O26,Atención materna por otras complicaciones relacionadas con el embarazo,O26
O28,Hallazgos anormales en el examen prenatal de la madre,O28
O29,Complicaciones de la anestesia administrada durante el embarazo,O29
O30,Embarazo múltiple,O30
O31,Complicaciones especificas del embarazo múltiple ,O31
O32,Atención materna por presentación anormal feto ,O32
O33,Atención materna por desproporción,O33
O34,Atención materna por anormalidades conocidas o presuntas de los órganos pelvianos de la madre ,O34
O35,Atención materna por anormalidad o lesión fetal conocida,O35
O36,Atención materna por otros problemas fetales conocidos,O36
O40,Polihidramnios,O40
O41,Trastornos del liquido amniótico y de las membranas,O41
O42,Ruptura prematura de las membranas,O42
O43,Trastornos placentarios,O43
O44,Placenta previa,O44
O45,Desprendimiento prematuro de la placenta,O45
O46,Hemorragia anteparto no clasificada ,O46
O47,Falso trabajo de parto,O47
O48,Embarazo prolongado,O48
O60,Parto prematuro,O60
O61,Fracaso de la inducción del trabajo de parto,O61
O62,Anormalidades de la dinámica del trabajo de parto,O62
O63,Trabajo de parto prolongado,O63
O64,Trabajo de parto obstruido debido mala posición y presentación anormal del feto,O64
O65 ,Trabajo de parto obstruido debido a anormalidad de la pelvis materna ,O65
O66,Obstrucciones del trabajo de parto,O66
O67,Trabajo de parto y parto complicados por hemorragia intraparto no clas.,O67
O68,Trabajo de parto y parto complicados por sufrimiento fetal,O68
O69,Trabajo de parto y parto complicados por problemas del cordón umbilical,O69
O70,Desgarro perineal durante el parto,O70
O71,Trauma obstétrico,O71
O72,Hemorragia postparto,O72
O73,Retención de la placenta o de las membranas sin hemorragia,O73
O74,Complicaciones de la anestesia admin. durante el trabajo de parto,O74
O75,Complicaciones del trabajo de parto y del parto no clas.,O75
O80,Parto único espontáneo,O80
O81,Parto único con fórceps y ventosa extractora,O81
O82,Parto único por cesárea,O82
O83,Partos únicos asistidos,O83
O84,Parto múltiple,O84
O85,Sepsis puerperal,O85
O86,Infecciones puerperales,O86
O87,Complicaciones venosas en el puerperio ,O87
O88,Embolia obstétrica,O88
O89,Complicación de la anestesia administrada durante el puerperio ,O89
O90,Complicaciones del puerperio no clas.,O90
O91,Infecciones de la mama asociadas con el parto ,O91
O92,Trastornos de la mama y de la lactancia asociados con el parto ,O92
O95,Muerte obstétrica de causa no especificada,O95
O96,"Muerte materna debida a cualquier causa obstétrica que ocurre después de 42 días pero antes de un año del parto""",O96
O97,Muerte por secuelas de causas obstétricas directas,O97
O98,Enfer maternas infec. y para. clasificables que complican el embarazo parto y puerperio,O98
O99,Feto y recién nacido afectados por condiciones de la madre,O99
P00,Feto y recién nacido afectados por condiciones de la madre no necesariamente relacionadas con el embarazo ,P00
P01,Feto y recién nacido afectados por complicaciones maternas del embarazo,P01
P02,Feto y recién nacido afectados por compli. de la placenta etc.,P02
P03,Feto y recién nacido afect. por otras compli. del trabajo de parto y parto,P03
P04,Feto y recién nacido afecta. por influencias nocivas transmi. de la placenta o leche materna,P04
P05,Retardo del crecimiento fetal y desnutrición fetal ,P05
P07,Trast. relac. con la dura. corta de la gesta. y con bajo peso al nacer no clas.,P07
P08,Trast. relacionados con el embarazo prolongado y con sobrepeso al nacer ,P08
P10,Hemorragia y laceración intracraneal debidas a traumatismo del naci.,P10
P11,Traumatismos del nacimiento en el SNC,P11
P12,Traumatismo del nacimiento en el cuero cabelludo ,P12
P13,Traumatismo del esqueleto durante el nacimiento ,P13
P14,Traumatismos del SN periférico durante el nacimiento ,P14
P15,Traumatismos del nacimiento,P15
P20,Hipoxia intrauterina,P20
P21,Asfixia del nacimiento,P21
P22,Dificultad respiratoria del recién nacido,P22
P23,Neumonía congénita,P23
P24,Síndromes de aspiración neonatal,P24
P25,Enfisema intersticial y afecciones relac. originadas en el período perinatal,P25
P26,Hemorragia pulmonar originada en el período perinatal,P26
P27,Enfers. respiratorias crónicas originadas en el período perinatal,P27
P28,Problemas respi. del recién nacido originados en el período perinatal,P28
P29,Trast. cardiovasculares originados en el período perinatal ,P29
P35,Enfermedades virales congénitas ,P35
P36,Sepsis bacteriana del recién nacido,P36
P37,Enfermedades infec. y paras. congénitas ,P37
P38,Onfalitis del recién nacido con o sin hemorragia leve,P38
P39,Infecciones especificadas del período perinatal,P39
P50,Pérdida de sangre fetal,P50
P51,Hemorragia umbilical del recién nacido,P51
P52,Hemorragia intracraneal no traumática del feto y del recién nacido ,P52
P53,Enfer. hemorrágica del feto y del recién nacido,P53
P54,Hemorragias neonatales,P54
P55,Enfer. hemolítica del feto y recién nacido ,P55
P56,Hidropesía fetal debida a enfer.hemolítica ,P56
P57,Kernicterus,P57
P58,Ictericia neonatal debida a otras homolisis excesivas,P58
P59,Ictericia neonatal por otras causas y por las no especificadas,P59
P60,Coagulación intravascular diseminada en el feto y el recién nacido,P60
P61,Trastornos hematológicos perinatales,P61
P70,Trast. transitorios del metabolismo de los carbohidratos espec. del feto y del recién nacido,P70
P71,Trast neonatales transitorios del metabolismo del calcio y del magnesio,P71
P72,Trastornos endocrinos neonatales transitorios,P72
P74,Alteraciones metabólicas y electrolíticas neonatales transitorias,P74
P75,Ileo meconial,P75
P76,Obstrucciones intestinales del recién nacido,P76
P77,Enterocolitis necrotizante del feto y del recién nacido,P77
P78,Trastornos perinatales del SD,P78
P80,Hipotermia del recién nacido,P80
P81,Alteraciones de la regulación de la temperatura del recién nacido ,P81
P83,Afecciones de la piel especificas del feto y del recién nacido,P83
P90,Convulsiones del recién nacido,P90
P91,Alteraciones cerebrales del recién nacido,P91
P92,Problemas de la ingestión de alimentos del recién nacido,P92
P93,Reacc. e intox. debidas a drogas admin. al feto y al recién nacido,P93
P94,Trast. del tono muscular en el recién nacido ,P94
P95,Muerte fetal de causa no especificada,P95
P96,Afecciones originadas en el período perinatal,P96
Q00,Anencefalia y malformaciones congénitas similares ,Q00
Q01,Encefalocele,Q01
Q02,Microcefalia,Q02
Q03,Hidrocéfalo congénito,Q03
Q04,Malformaciones congénitas del encéfalo,Q04
Q05,Espina bífida,Q05
Q06,Malformaciones congénitas de la médula espinal,Q06
Q07,Malformaciones congénitas del SN,Q07
Q10,Malformaciones congénitas de los parpados aparato lagrimal y orbita,Q10
Q11,Anoftalmía microftalmía y macroftalmía ,Q11
Q12,Malformaciones congénitas del cristalino ,Q12
Q13,Malformaciones congénitas del segmento anterior del ojo ,Q13
Q14,Malfor. congénitas del segmento posterior del ojo,Q14
Q15,Malfor. congénitas del ojo ,Q15
Q16,Malfor. congénitas del oído que causan alteración de la audición,Q16
Q17,Otras malfor. congénitas del oído ,Q17
Q18,Malfor. congénitas de la cara y del cuello ,Q18
Q20,Malfor. congénitas de las cámaras cardíacas y sus conexiones,Q20
Q21,Malformaciones congénitas de los tabiques cardíacos,Q21
Q22,Malfor. congénitas de las válvulas pulmonar y tricúspide,Q22
Q23,Malfor. congénitas de las válvulas aórtica y mitral,Q23
Q24,Malfor. congénitas del corazón,Q24
Q25,Malfor. congénitas de las grandes arterias,Q25
Q26,Malfor. congénitas de las grandes venas ,Q26
Q27,Malfor. congénitas del sistema vascular periférico ,Q27
Q28,Malfor. congénitas del sistema circulatorio,Q28
Q30,Malfor. congénitas de la nariz,Q30
Q31,Malfor. congénitas de la laringe ,Q31
Q32,Malfor. congénitas de la traquea y de los bronquios,Q32
Q33,Malfor. congénitas del pulmón,Q33
Q34,Malfor. congénitas del SR,Q34
Q35,Fisura del paladar,Q35
Q36,Labio leporino,Q36
Q37,Fisura del paladar con labio leporino,Q37
Q38,Malfor. congénitas de la lengua boca y faringe,Q38
Q39,Malfor. congénitas del esófago,Q39
Q40,Malfor. congénitas de la parte superior del tubo digestivo ,Q40
Q41,Ausencia atresia y estenosis congénita del intestino delgado ,Q41
Q42,Ausencia atresia y estenosis congénita del intestino grueso,Q42
Q43,Malformaciones congénitas del intestino ,Q43
Q44,Malfor. congénitas de la vesícula biliar conductos biliares y hígado ,Q44
Q45,Malfor. congénitas del sistema digestivo,Q45
Q50,Malfor. congénitas de los ovarios trompas de Falopio y ligamentos anchos,Q50
Q51,Malfor. congénitas del útero y del cuello uterino,Q51
Q52,Malfor. congénitas de los órganos genitales femeninos ,Q52
Q53,Testículo no descendido,Q53
Q54,Hipospadias,Q54
Q55,Malformaciones congénitas de los órganos genitales masculinos ,Q55
Q56,Sexo indeterminado y seudohermafroditismo,Q56
Q60,Agenesia renal y otras malfor. hipoplasicas del riñón,Q60
Q61,Enfermedad quística del riñón,Q61
Q62,Defectos obstructivos congénitos de la pelvis renal y malfor. congénitas del uréter ,Q62
Q63,Malfor. congénitas del riñón ,Q63
Q64,Malfor. congénitas del sistema urinario ,Q64
Q65,Deformidades congénitas de la cadera,Q65
Q66,Deformidades congénitas de los pies,Q66
Q67,Defor. osteomusculares congénitas de la cabeza cara columna vertebral y tórax,Q67
Q68,Defor. osteomusculares congénitas,Q68
Q69,Polidactilia,Q69
Q70,Sindactilia,Q70
Q71,Defectos por reducción del miembro superior ,Q71
Q72,Defectos por reducción del miembro inferior,Q72
Q73,Defectos por reducción de miembro no especificado,Q73
Q74,Anomalías congénitas del (de los) miembro(s),Q74
Q75,Malfor. congénitas de los huesos del cráneo y de la cara ,Q75
Q76,Malfor. congénitas de la columna vertebral y tórax óseo ,Q76
Q77,Osteocondrodisplasia con defecto del crecimiento de los huesos largos y CV ,Q77
Q78,Osteocondrodisplasias,Q78
Q79,Malfor. congénitas del sistema osteomuscular no clas.,Q79
Q80,Ictiosis congénita,Q80
Q81,Epidermólisis bullosa,Q81
Q82,Malfor. congénitas de la piel,Q82
Q83,Malfor. congénitas de la mama,Q83
Q84,Malfor. congénitas de las faneras ,Q84
Q85,Facomatosis no clas.,Q85
Q86,Síndromes de malfor. congenitas debidos a causas exógenas conocidas no clas.,Q86
Q87,Síndromes de malfor. congénitas especi. que afectan múltiples sistemas ,Q87
Q89,Malfor. congénitas no clas.,Q89
Q90,Síndrome de Down,Q90
Q91,Síndrome de Edwards y síndrome de Patau,Q91
Q92,Trisomías y trisomías parciales de los autosomas no clas.,Q92
Q93,Monosomías y supresiones de los autosomas no clas.,Q93
Q95,Reordenamientos equilibrados y marcadores estructurales no clas.,Q95
Q96,Síndrome de Turner,Q96
Q97,Anomalías de los cromosomas sexuales con fenotipo femenino no clas.,Q97
Q98,Anomalías de los cromosomas sexuales con fenotipo masculino no clas.,Q98
Q99,Anomalías cromosómicas no clas.,Q99
R00,Anormalidades del latido cardíaco,R00
R01,Soplos y otros sonidos cardíacos,R01
R02,Gangrena no clas.,R02
R03,Lectura de presión sanguínea anormal sin diagnostico,R03
R04,Hemorragias de las vías respiratorias,R04
R05,Tos,R05
R06,Anormalidades de la respiración,R06
R07,Dolor de garganta y en el pecho,R07
R09,Síntomas y signos que involucran los SC y respiratorio,R09
R10,Dolor abdominal y pélvico,R10
R11,Náusea y vómito,R11
R12,Acidez,R12
R13,Disfagia,R13
R14,Flatulencia y afecciones afines,R14
R15,Incontinencia fecal,R15
R16,Hepatomegalia y esplenomegalia no clas.,R16
R17,Ictericia no especificada,R17
R18,Ascitis,R18
R19,Síntomas y signos que involucran el SD y el abdomen,R19
R20,Alteraciones de la sensibilidad cutánea,R20
R21,Salpullido y otras erupciones cutáneas no especificadas,R21
R23,Cambios en la piel,R23
R25,Movimientos involuntarios anormales,R25
R26,Anormalidades de la marcha y movilidad,R26
R27,Fallas de coordinación,R27
R29,Síntomas y signos que involucran los SN y osteomuscular,R29
R30,Dolor asociado con la micción,R30
R31,Hematuria no especificada,R31
R32,Incontinencia urinaria no especificada,R32
R33,Retención de orina,R33
R34,Anuria y oliguria,R34
R35,Poliuria,R35
R36,Descarga uretral,R36
R39,Síntomas y signos que involucran el sistema urinario,R39
R40,Somnolencia estupor y coma,R40
R41,Síntomas y signos que involucran la función cognoscitiva y la conciencia ,R41
R42,Mareo y desvanecimiento,R42
R43,Trastornos del olfato y del gusto,R43
R44,Síntomas y signos que involucran las sensaciones y percepciones generales,R44
R45,Síntomas y signos que involucran el estado emocional,R45
R46,Síntomas y signos que involucran la apariencia y el comportamiento,R46
R47,Alteraciones del habla no clas.,R47
R48,Dislexia y otras disfunciones simbólicas no clas.,R48
R49,Alteraciones de la voz,R49
R50,Fiebre de origen desconocido,R50
R51,Cefalea,R51
R52,Dolor no clas.,R52
R53,Malestar y fatiga,R53
R54,Senilidad,R54
R55,"Síncope y colapso""",R55
R56,Convulsiones no clas.,R56
R57,Choque no clas.,R57
R58,Hemorragia no clas.,R58
R60,Edema no clas.,R60
R61,Hiperhidrosis,R61
R62,Falta del desarrollo fisiológico normal esperado,R62
R63,Síntomas y signos que involucran concernientes a la alimen. e inges. de líquidos,R63
R64,Caquexia,R64
R68, Síntomas y signos generales ,R68
R69,Causas de morbilidad desconocidas y no especificadas,R69
R70,Vel. de eritrosedimentacion elevada y otras anormalidades de la visc. del plasma ,R70
R71,Anormalidad de los eritrocitos,R71
R72,Anormalidades de los leucocitos no clas.,R72
R73,Nivel elevado de glucosa en sangre,R73
R74,Nivel anormal de enzimas en suero,R74
R75,Evidencias de laboratorio del VIH,R75
R76,Hallazgos inmunológicos anormales en suero,R76
R77,Anormalidades de las proteínas plasmáticas ,R77
R78,Hallazgos de drogas y sustancias que normalmente no se encuentran en la sangre,R78
R79,Hallazgos anormales en la química sanguínea,R79
R80,Proteinuria aislada,R80
R81,Glucosuria,R81
R82,Hallazgos anormales en la orina,R82
R83,Hallazgos anormales en el líquido cefalorraquideo ,R83
R84,Hallazgos anormales en muestras tomadas de OR y torácicos ,R84
R85,Hallazgos anormales en muestras tomadas de OD y de la cavidad abdominal,R85
R86,Hallazgos anormales en muestras tomadas de órganos genitales masculinos,R86
R87,Hallazgos anormales en muestras tomadas de órganos genitales femeninos ,R87
R89,Hallazgos anormales en muestras tomadas de otros órganos sistemas y tejidos ,R89
R90,Hallazgos anormales en diagnostico por imagen del SNC,R90
R91,Hallazgos anormales en diagnóstico por imagen del pulmón,R91
R92,Hallazgos anormales en diagnóstico por imagen de la mama,R92
R93,Hallazgos anormales en diagnostico por imagen de otras estrs. del cuerpo,R93
R94,Resultados anormales de estudios funcionales ,R94
R95,Síndrome de la muerte súbita infantil,R95
R98,Muerte sin asistencia,R98
R99,"Otras causas mal definidas y las no especificadas de mortalidad""",R99
V01,Peatón lesionado por colisión con vehículo de pedal,V01
V02,Peatón lesionado por colisión con vehículo de dos o tres ruedas,V02
V03,Peatón lesionado por colisión con automóvil camioneta furgoneta ,V03
V04,Peatón lesionado por colisión con vehículo de transporte pesado o autobús,V04
V05,Peatón lesionado por colisión con tren o vehículo de rieles,V05
V06,Peatón lesionado por colisión con otros vehículo sin motor,V06
V09,Peatón lesionado en otros accidentes de transporte y en los no especs.,V09
V10,Ciclista lesionado por colisión con peatón o animal ,V10
V11,Ciclista lesionado por colisión con otro ciclista,V11
V12,Ciclista lesionado por colisión con vehículo de dos o tres ruedas,V12
V13,Ciclista lesionado por colisión con automovil camioneta o furgoneta,V13
V14,Ciclista lesionado por colisión con vehículo de transporte pesado o bus,V14
V15,Ciclista lesionado por colisión con tren o vehículo de rieles,V15
V16,Ciclista lesionado por colisión con otros vehículo sin motor ,V16
V17,Ciclista lesionado por colisión con objeto estacionado o fijo ,V17
V18,Ciclista lesionado en accidente de transporte sin colisión,V18
V19,Ciclista lesionado en otros accidentes de transporte y en los no espes.,V19
V20,Motociclista lesionado por colisión con peatón o animal,V20
V21,Motociclista lesionado por colisión con vehículo de pedal ,V21
V22,Motociclista lesionado por colisión con vehículo de dos o tres ruedas,V22
V23,Motociclista lesionado por colisión con automóvil camioneta o furgoneta,V23
V24,Motociclista lesionado por colisión con vehículo de trans. pesado o bus ,V24
V25,Motociclista lesionado por colisión con tren o vehículo de rieles ,V25
V26,Motociclista lesionado por colisión con otros vehículo sin motor ,V26
V27,Motociclista lesionado por colisión con objeto fijo o estacionado ,V27
V28,Motociclista lesionado accidente transporte sin colisión ,V28
V29,Motociclista lesionado en otros accidentes de trans. y los no especs.,V29
V30,Ocupante de vehículo de MTR lesionado por colisión con peatón o animal,V30
V31,Ocupante de vehículo de MTR lesionado por colisión con vehículo de pedal,V31
V32,Ocupante de vehículo de MTR lesionado por colisión con vehículo de MTR,V32
V33,Ocupante de vehículo de MTR lesionado por colisión con automóvil camioneta o furgoneta ,V33
V34,Ocupante de vehículo de MTR lesionado por colisión con vehículo de trans. pesado o autobús ,V34
V35,Ocupante de vehículo de MTR lesionado por colisión con vehículo de rieles ,V35
V36,Ocupante de vehículo de MTR por colisión con otro vehículo sin motor,V36
V37,Ocupante de vehículo de MTR lesionado por colisión con objeto fijo o estacionado,V37
V38,Ocupante de vehículo de MTR lesionado en accidente de transito sin colisión,V38
V39,Ocupante de vehículo de MTR lesionado en otros acc. y en los no especs.,V39
V40,Ocupante de automóvil lesionado por colisión con peatón o animal,V40
V41,Ocupante de automóvil lesionado por colisión con vehículo de pedal,V41
V42,Ocupante de automóvil lesionado por colisión con vehículo de MTR,V42
V43,Ocupante de automóvil lesionado por colisión con auto camioneta o furgoneta,V43
V44,Ocupante de automóvil lesionado por colisión con vehículo de transporte pesado,V44
V45,Ocupante de automóvil lesionado por colisión con vehículo de rieles,V45
V46,Ocupante de automóvil lesionado por colisión con otro VSM,V46
V47,Ocupante de automóvil lesionado por colisión con objeto fijo o estacionado ,V47
V48,Ocupante de automóvil lesionado en accidente de transporte sin colisión ,V48
V49,Ocupante de automóvil lesionado en otros acc. de transporte y los no especs.,V49
V50,Ocupante de camioneta o furgoneta lesionado por colisión con peatón o animal ,V50
V51,Ocupante de camioneta o furgoneta lesionado por colisión con vehículo de pedal,V51
V52,Ocupante de camioneta o furgoneta lesionado por colisión con vehículo de MTR,V52
V53,Ocupante de camioneta o furgoneta lesionado por colisión con camioneta furgoneta,V53
V54,Ocupante de camioneta o furgoneta lesionado por colisión con transporte pesado,V54
V55,Ocupante de camioneta o furgoneta lesionado por colisión con vehículo de rieles ,V55
V56,Ocupante de camioneta o furgoneta lesionado por colisión con otros VSM,V56
V57,Ocupante de camioneta o furgoneta lesionado por colisión con OEF,V57
V58,Ocupante de camioneta o furgoneta lesionado en acc. trans. sin colisión,V58
V59,Ocupante de camioneta o furgoneta lesionado en otros acc. de trans y no especs.,V59
V60,Ocupante de VTP lesionado por colisión con peatón o animal ,V60
V61,Ocupante de VTP lesionado por colisión con vehiculo de pedal ,V61
V62,Ocupante de VTP lesionado por colisión con vehículo de MTR,V62
V63,Ocupante de VTP lesionado por colisión con automóvil camioneta o furgoneta,V63
V64,Ocupante de VTP lesionado por colisión con VTP o autobús ,V64
V65,Ocupante de VTP lesionado por colisión con vehiculo de rieles ,V65
V66,Ocupante de VTP lesionado por colisión con otro VSM,V66
V67,Ocupante de VTP lesionado por colisión con objeto estacionado o fijo ,V67
V68,Ocupante de VTP lesionado acc. trans. sin colisión ,V68
V69,Ocupante de VTP lesionado en otros acc. de trans. y en los no especs.,V69
V70,Ocupante de autobús lesionado por colisión con peatón o animal ,V70
V71,Ocupante de autobús lesionado por colisión con vehículo de pedal,V71
V72,Ocupante de autobús lesionado por colisión con vehículo de MTR,V72
V73,Ocupante de autobús lesionado por colisión con auto camioneta o furgoneta,V73
V74,Ocupante de autobús lesionado por colisión con VTP o autobús,V74
V75,Ocupante de autobús lesionado por colisión con vehículo de rieles,V75
V76,Ocupante de autobús lesionado por colisión con otro VSM,V76
V77,Ocupante de autobús lesionado por colisión con objeto estacionado o fijo ,V77
V78,Ocupante de autobús lesionado accidente de transporte sin colisión,V78
V79,Ocupante de autobús lesionado en otros acc. de trans. y en los no especs.,V79
V80,Jinete u ocupante de VTA lesionado en acc. de trans.,V80
V81,Ocupante de tren o vehículo de rieles lesionado en acc. de trans.,V81
V82,Ocupante de tranvía lesionado en acc. de trans. ,V82
V83,Ocupante de vehículo de uso industrial lesionado en acc. de trans. ,V83
V84,Ocupante de vehículo de uso agrícola lesionado acc. de trans.,V84
V85,Ocupante de vehículo de construcción lesionado acc. de trans.,V85
V86,Ocupante de vehículo de todo terreno lesionado acc. de trans.,V86
V87,Accidente de transito modo transporte victim desconoc ,V87
V88,Accidente de no trans modo transporte victim desconoc,V88
V89,Accidente de tipo de vehículo no espec. ,V89
V90,Accidente de embarcación que causa ahogamiento y sumersión,V90
V91,Accidente de embarcación que causa otros tipos de traumatismo ,V91
V92,Ahogamiento y sumersión relacionados con trans. por agua SAE ,V92
V93,Accidente en una embarcación SAE que no causa ahogamiento y sumersión,V93
V94,Accidentes de transporte por agua y los no especs.,V94
V95,Accidente de aeronave de motor con ocupante lesionado,V95
V96,Accidente de aeronave sin motor con ocupante lesionado ,V96
V97,Accidentes de transporte aéreo especs.,V97
V98,Otros accidentes de transporte especs.,V98
V99,Accidente de transporte no especs.,V99
W00,Caída en el mismo nivel por hielo o nieve,W00
W01,Caída en el mismo nivel por deslizamiento tropezón o traspié,W01
W02,Caída por patines para hielo esquís patines de ruedas o patineta ,W02
W03,Caídas en el mismo nivel por colisión o empujón de otra persona,W03
W04,Caída al ser trasladado o sostenido por otras personas ,W04
W05,Caída que implica silla de ruedas,W05
W06,Caída que implica cama,W06
W07,Caída que implica silla,W07
W08,Caída que implica otro mueble,W08
W09,Caída que implica equipos para juegos infantiles,W09
W10,Caída en o desde escalera y escalones ,W10
W11,Caída en o desde escaleras manuales,W11
W12,Caída en o desde andamio,W12
W13,Caída desde fuera o a través de un edificio u otra construcción,W13
W14,Caída desde un árbol,W14
W15,Caída desde peñasco,W15
W16,Salto o zambullida dentro del agua que causa otro traumatismo sin sumersión o ahogamiento,W16
W17,Caídas de un nivel a otro ,W17
W18,Caídas en el mismo nivel,W18
W19,Caída no especificada,W19
W20,Golpe por objeto arrojado proyectado o que cae ,W20
W21,Golpe contra o golpeado por equipo para deportes,W21
W22,Golpe contra o golpeado por otros objetos,W22
W23,Atrapado aplastado trabado o apretado en o entre objetos ,W23
W24,Contacto traumático con dispositivos de elevación y transmisión no clas.,W24
W25,Contacto traumático con vidrio cortante,W25
W26,Contacto traumático con cuchillo espada daga o puñal,W26
W27,Contacto traumático con herramientas manuales sin motor ,W27
W28,Contacto traumático con cortadora de césped con motor,W28
W29,Contacto traumático con otras herramientas manuales y artefactos de hogar con motor ,W29
W30,Contacto traumático con maquinaria agrícola,W30
W31,Contacto traumático con otras maquinarias y las no especs.,W31
W32,Disparo de arma corta,W32
W33,Disparo de rifle escopeta y arma larga,W33
W34,Disparo con otras armas fuego y las no especs.,W34
W35,Explosión y rotura de caldera,W35
W36,Explosión y rotura de cilindro con gas,W36
W37,Explosión y rotura de neumático tubo o manguera de goma presurizada,W37
W38,Explosión y rotura de otros dispositivos presurizados especs.,W38
W39,Explosión de fuegos artificiales,W39
W40,Explosión de otros materiales,W40
W41,Exposición a chorro de alta presión,W41
W42,Exposición al ruido,W42
W43,Exposición a vibraciones,W43
W44,Cuerpo extraño que penetra por el ojo u orificio natural,W44
W45,Cuerpo extraño que penetra a través de la piel,W45
W46,Contacto traumático con aguja hipodérmica,W46
W49,Exposición a otras fuerzas mecánicas inanimadas y las no especs.,W49
W50,Aporreo golpe mordedura patada rasguño o torcedura infligidos por otras personas,W50
W51,Choque o empellón contra otra persona,W51
W52,Persona aplastada empujada o pisoteada por una multitud o estampida humana ,W52
W53,Mordedura de rata,W53
W54,Mordedura o ataque de perro,W54
W55,Mordedura o ataque de otros mamíferos,W55
W56,Contacto traumático con animales marinos,W56
W57,Mordedura o picadura de insectos y otros artrópodos no venenosos ,W57
W58,Mordedura o ataque de cocodrilo o caimán,W58
W59,Mordedura o aplastamiento por otros reptiles,W59
W60,Contacto traumático con aguijones espinas u hojas cortantes de plantas,W60
W64,Exposición a otras fuerzas mecánicas animadas y las no especs.,W64
W65,Ahogamiento y sumersión mientras se esta en la bañera,W65
W66,Ahogamiento y sumersión consecutivos a caída en la bañera,W66
W67,Ahogamiento y sumersión mientras se esta en una piscina,W67
W68,Ahogamiento y sumersión consecutivos a caída en una piscina ,W68
W69,Ahogamiento y sumersión mientras se esta en aguas naturales,W69
W70,Ahogamiento y sumersión posterior a caída en aguas naturales,W70
W73,Ahogamientos y sumersiones especs.,W73
W74,Ahogamiento y sumersión no especs.,W74
W75,Sofocación y estrangulamiento accidental en la cama,W75
W76,Estrangulamientos y ahorcamientos accidentales,W76
W77,Obstrucción de la respiración debida a hundimiento caída de tierra u otras sustancias ,W77
W78,Inhalación de contenidos gástricos,W78
W79,Inhalación e ingestión de alimento que causa obstrucción de las vías respiratorias ,W79
W80,Inhalación e ingestión de otros objetos que causan obstrucción de las VR,W80
W81,Confinado o atrapado en un ambiente con bajo contenido de oxígeno,W81
W83,Obstrucciones especificadas de la respiración ,W83
W84,Obstrucción no espec. de la respiración ,W84
W85,Exposición a líneas de transmisión eléctrica,W85
W86,Exposición a otras corrientes eléctricas especs.,W86
W87,Exposición a corriente eléctrica no espec. ,W87
W88,Exposición a radiación ionizante,W88
W89,Exposición a fuente de luz visible y ultravioleta de origen artificial,W89
W90,Exposición a otros tipos de radiación no ionizante ,W90
W91,Exposición a radiación de tipo no espec. ,W91
W92,Exposición a calor excesivo de origen artificial,W92
W93,Exposición a frío excesivo de origen artificial,W93
W94,Exposición a presión de aire alta baja y cambios en la presión de aire ,W94
W99,Exposición a otros factores ambientales y los no especs. de origen artificial,W99
X00,Exposición a fuego no controlado en edificio u otra construcción,X00
X01,Exposición a fuego no controlado en lugar que no es edificio u otra const. ,X01
X02,Exposición a fuego controlado en edificio u otra construcción,X02
X03,Exposición a fuego controlado en lugar que no es edificio u otra const.,X03
X04,Exposición a ignición de material altamente inflamable ,X04
X05,Exposición a ignición o fusión de ropas de dormir,X05
X06,Exposición a ignición o fusión de otras ropas y accesorios,X06
X08,Exposición a otros humos fuegos o llamas especs. ,X08
X09,Exposición a humos fuegos o llamas no especs. ,X09
X10,Contacto con bebidas alimentos grasas y aceites para cocinar calientes,X10
X11,Contacto con agua caliente corriente,X11
X12,Contacto con otros líquidos calientes,X12
X13,Contacto con vapor de agua y vapores calientes,X13
X14,Contacto con aire y gases calientes,X14
X15,Contacto con utensilios domésticos calientes ,X15
X16,Contacto con radiadores cañerías y artefactos para calefacción,X16
X17,Contacto con máquinas motores y herramientas calientes,X17
X18,Contacto con otros metales calientes,X18
X19,Contacto con otras sustancias calientes y las no especs.,X19
X20,Contacto traumático con serpientes y lagartos venenosos,X20
X21,Contacto traumático con arañas venenosas ,X21
X22,Contacto traumático con escorpión,X22
X23,Contacto traumático con avispas avispones y abejas,X23
X24,Contacto traumático con centípodos y miriápodos venenosos ,X24
X25,Contacto traumático con otros artrópodos venenosos especs.,X25
X26,Contacto traumático con animales y plantas marinas venenosos,X26
X27,Contacto traumático con otros animales venenosos especs. ,X27
X28,Contacto traumático con otras plantas venenosos especs.,X28
X29,Contacto traumático con animales y plantas venenosos no especs.,X29
X30,Exposición al calor natural excesivo,X30
X31,Exposición al frío natural excesivo,X31
X32,Exposición a rayos solares,X32
X33,Víctima de rayo,X33
X34,Víctima de terremoto,X34
X35,Víctima de erupción volcánica,X35
X36,Víctima de avalancha derrumbe y otros movimientos de tierra,X36
X37,Víctima de tormenta cataclísmica,X37
X38,Víctima de inundación,X38
X39,Exposición a otras fuerzas naturales y las no especs.,X39
X40,Envenenamiento accidental por y exposición a analgésicos antipiréticos y antirreumáticos,X40
X41,Envenenamiento accidental por exposición a drogas anticelulíticas antiparinsonianas y psicotrópicas no clas.,X41
X42,Envenenamiento accidental por exposición a narcóticos y psicodislépticos no clas.,X42
X43,Envenenamiento accidental por exposición a otras drogas que actúan sobre el SNA,X43
X44,Envenenamiento accidental por exposición a otras drogas medicamentos y sustancias biológicas y los no especs.,X44
X45,Envenenamiento accidental por y exposición a alcohol ,X45
X46,Envenenamiento acc. por y exposición a disolventes orgánicos e hidrocarburos halogenados y sus vapores,X46
X47,Envenenamiento accidental por y exposición a otros gases y vapores,X47
X48,Envenenamiento accidental por y exposición a plaguicidas,X48
X49,Envenenamiento accidental por exposición a otros prod. químicos y sust. nocivas y los no especs.,X49
X50,Exceso de esfuerzo y movimientos extenuantes y repetitivos ,X50
X51,Viajes y desplazamientos ,X51
X52,Permanencia prolongada en ambiente sin gravedad,X52
X53,Privación de alimentos,X53
X54,Privación de agua,X54
X57,Privación no espec.,X57
X58,Exposición a otros factores especs.,X58
X59,Exposición a factores no especs.,X59
X60,EAII por y exposición a analgésicos ,X60
X61,EAII por y exposición a drogas antiepilépticas sedantes hipnóticas antiparinsonianas y psicotrópicas no clas.,X61
X62,EAII por y exposición a narcóticos y alucinógenos no clas.,X62
X63,EAII por y exposición a otras drogas que actúan sobre el SNA,X63
X64,EAII por y exposición a otras drogas medicamentos y sustancias biológicas y los no especs. ,X64
X65,EAII por y exposición a alcohol,X65
X66,EAII por y exposición a disolventes orgánicos e hidrocarburos halogenados y sus vapores,X66
X67,EAII por y exposición a otros gases y vapores,X67
X68,EAII por y exposición a plaguicida,X68
X69,EAII por y exposición a otros productos químicos y sustancias nocivas y los no especs.,X69
X70,LAII por ahorcamiento estrangulamiento o sofocación,X70
X71,LAII por ahogamiento y sumersión ,X71
X72,LAII por disparo de arma corta,X72
X73,LAII por disparo de rifle escopeta y arma larga,X73
X74,LAII por disparo de otras armas de fuego y las no especs.,X74
X75,LAII por material explosivo,X75
X76,LAII por humo fuego y llamas ,X76
X77,LAII por vapor de agua vapores y objetos calientes,X77
X78,LAII por objeto cortante,X78
X79,LAII por objeto romo o sin filo ,X79
X80,LAII al saltar desde un lugar elevado ,X80
X81,LAII por arrojarse o colocarse delante de objeto en movimiento,X81
X82,LAII por colisión de vehículo de motor ,X82
X83,LAII por otros medios especs. ,X83
X84,LAII por medios no especs.,X84
X85,Agresión con drogas medicamentos y sustancias biológicas,X85
X86,Agresión con sustancia corrosiva,X86
X87,Agresión con plaguicidas,X87
X88,Agresión con gases y vapores,X88
X89,Agresión con otros productos químicos y sustancias nocivas especs. ,X89
X90,Agresión con productos químicos y sustancias nocivas no especs.,X90
X91,Agresión por ahorcamiento estrangulamiento y sofocación,X91
X92,Agresión por ahogamiento y sumersión,X92
X93,Agresión con disparo de arma corta,X93
X94,Agresión con disparo de rifle escopeta y arma larga,X94
X95,Agresión con disparo de otras armas fuego y las no especs. ,X95
X96,Agresión con material explosivo,X96
X97,Agresión con humo fuego y llamas,X97
X98,Agresión con vapor y objetos calientes,X98
X99,Agresión con objeto cortante,X99
Y00,Agresión con objeto romo o sin filo,Y00
Y01,Agresión por empujón desde lugar elevado,Y01
Y02,Agresión empuj o coloc delant objeto movimie,Y02
Y03,Agresión por colisión vehículo de motor,Y03
Y04,Agresión con fuerza corporal,Y04
Y05,Agresión sexual con fuerza corporal,Y05
Y06,Negligencia y abandono,Y06
Y07,Síndromes de maltrato,Y07
Y08,Agresión por otros medios especificados,Y08
Y09,Agresión por medios no especs.,Y09
Y10,Envenenamiento por y exposición a analgésicos antipiréticos y antirreumáticos de IND,Y10
Y11,Envenenamiento por y exposición a drogas antiépilepticas sedantes hipnóticas no clas. de IND,Y11
Y12,Envenenamiento por y exposición a narcóticos y alucinógenos no clas. de intención no determinada ,Y12
Y13,Envenenamiento por y exposición a otras drogas que actúan sobre el SNA de IND,Y13
Y14,Envenenamiento por y exposición a otras drogas medicamentos y sustancias biológicas y las no especs. de IND,Y14
Y15,Envenenamiento por y exposición al alcohol IND,Y15
Y16,Envenenamiento por y exposición a disolventes orgánicos e hidrocarburos halogenados y sus vapores de IND,Y16
Y17,Envenenamiento por y exposición a otros gases y vapores de IND,Y17
Y18,Envenenamiento por y exposición a plaguicidas de IND,Y18
Y19,Envenenamiento por y exposición a otros productos químicos y sustancias nocivas y los no especs. de DNI,Y19
Y20,Ahorcamiento estrangulamiento y sofocación de IND,Y20
Y21,Ahogamiento y sumersión de IND,Y21
Y22,Disparo de arma corta de IND,Y22
Y23,Disparo de rifle escopeta y arma larga de IND ,Y23
Y24,Disparo de otras armas de fuego y las no especs. de IND,Y24
Y25,Contacto traumático con material explosivo de IND,Y25
Y26,Exposición a humo fuego y llamas de IND,Y26
Y27,Contacto con vapor de agua vapores y objetos calientes de IND,Y27
Y28,Contacto traumático con objeto cortante de IND,Y28
Y29,Contacto traumático con objeto romo sin filo de IND,Y29
Y30,Caída salto o empujón desde lugar elevado de IND,Y30
Y31,Caída permanencia o carrera delante o hacia objeto en movimiento de IND,Y31
Y32,Colisión de vehículo de motor de IND,Y32
Y33,Eventos especificados de IND,Y33
Y34,Evento no especificado de IND,Y34
Y35,Intervención legal,Y35
Y36,Operaciones de guerra,Y36
Y40,EA de antibióticos sistémicos,Y40
Y41,EA de otros antiinfecciosos y antiparasitarios sistémicos,Y41
Y42,EA de hormonas sustitutos sintéticos y antagonistas no clas.,Y42
Y43,EA de agentes sistémicos primarios,Y43
Y44,EA de agentes que afectan primariamente los constituyentes de la sangre,Y44
Y45,EA de drogas analgésicas antipiréticas y antiinflamatorias,Y45
Y46,EA de drogas antiepilépticas y antiparkinsonianas,Y46
Y47,EA de drogas sedantes hipnóticas y ansiolíticas ,Y47
Y48,EA de gases anestésicos y terapéuticos ,Y48
Y49,EA de drogas psicotrópicas no clas.,Y49
Y50,EA de estimulantes del SNC no clas.,Y50
Y51,EAde drogas que afectan primariamente el SNA,Y51
Y52,EA de agentes que afectan el sistema cardiovascular ,Y52
Y53,EA de agentes que afectan primariamente el SG,Y53
Y54,EA de agentes que afectan primariamente el equilibrio hídrico y el metabolismo mineral y del ácido úrico ,Y54
Y55,EA de AT que actúan primariamente sobre los músculos lisos y estriados y sobre el SR,Y55
Y56,EA de AT que afectan prim. la piel y MM y drogas oftalmológicas otorrinolaringológicas y dentales,Y56
Y57,EA de otras drogas y medicamentos y no especs.,Y57
Y58,EA de vacunas bacterianas,Y58
Y59,EA de otras vacunas y sustancias biológicas y las no especs.,Y59
Y60,Corte punción perforación o hemorragia NI durante la atención medica y quirúrgica,Y60
Y61,OE dejado acc. en el cuerpo durante la atención médica y quirúrgica,Y61
Y62,Fallas en la esterilización durante la AM y quirúrgica ,Y62
Y63,Falla en dosificación durante la AM y quirúrgica,Y63
Y64,Medicamentos y sustancias biológicas contaminados ,Y64
Y65,Incidentes durante la AM y quirúrgica,Y65
Y66,No administración de la AM y quirúrgica,Y66
Y69,Incidentes no especificados durante la AM y quirúrgica,Y69
Y70,Dispositivos de anestesiología asociados con inc. adv.,Y70
Y71,Dispositivos cardiovasculares asociados con inc. adv.,Y71
Y72,Dispositivos otorrinolaringologícos asociados con inc. adv. ,Y72
Y73,Dispositivos de gastroenterología y urología asociados con inc. adv.,Y73
Y74,Dispositivos para uso hospitalario general y personal asociados con inci. adv.,Y74
Y75,Dispositivos neurológicos asociados con incidentes adv. ,Y75
Y76,Dispositivos ginecológicos y obstétricos asociados con inc. adv.,Y76
Y77,Dispositivos oftálmicos asociados con inc. Adv.,Y77
Y78,Aparatos radiológicos asociados con inc. adv.,Y78
Y79,Dispositivos ortopédicos asociados con inc. adv.,Y79
Y80,Aparatos de medicina física asociados con inc. adv.,Y80
Y81,Dispositivos de cirugía general y plástica asociados con inc. adv.,Y81
Y82,Dispositivos médicos y los no especs. asociados con inc. adv.,Y82
Y83,Cirugía y otros proc. quirúrgicos como la causa de RA del paciente o de complicación posterior sin mención de incidente en el momento de efectuar el proc.,Y83
Y84,Proc. médicos como la causa de reacción anormal del paciente o de complicación posterior sin mención de incidente en el momento de efectuar le proc.,Y84
Y85,Secuelas de accidente de transporte,Y85
Y86,Secuelas de otros accidentes,Y86
Y87,Secuelas de lesiones autoinfligidas intencionalmente agresiones y eventos de IND,Y87
Y88,Secuelas con atención médica y quirúrgica como causa externa,Y88
Y89,Secuelas de otras causas externas,Y89
Y90,Evidencia alcoholismo determinada por el NAS ,Y90
Y91,Evidencia de alcoholismo determinada por el nivel de intoxicación,Y91
Y95,Afección nosocomial,Y95
Y96,Afección relacionada con el trabajo,Y96
Y97,Afección relacionada con la contaminación ambiental,Y97
Y98,Afección relacionada con el estilo de vida,Y98
